trial,group_size,num_groups,mse,average_scale,zeroed_values
0,1,1000,2.75E-16,0.258224398,0
0,2,500,0.00301282,0.44812572,49
0,4,250,0.005255737,0.784208775,78
0,8,125,0.013184595,1.402074337,100
0,10,100,0.015681511,1.705109835,114
0,16,63,0.020672252,2.576368809,135
0,20,50,0.027038377,3.178267002,146
0,25,40,0.034434702,3.909687757,153
0,32,32,0.041364692,4.800621033,160
0,40,25,0.044179134,6.072410107,178
0,50,20,0.05738017,7.5178442,192
0,64,16,0.081884913,9.303033829,214
0,100,10,0.122590341,14.66904736,252
0,125,8,0.148113802,18.25079536,280
0,200,5,0.196227968,28.95166969,345
0,250,4,0.234706149,36.0932312,397
0,500,2,0.517775118,71.67102814,597
0,1000,1,1.056724906,142.8571472,999
1,1,1000,4.06E-16,0.259819359,0
1,2,500,0.001923322,0.451162905,49
1,4,250,0.006770466,0.782908082,74
1,8,125,0.01311975,1.402952909,106
1,10,100,0.014381541,1.701969624,104
1,16,63,0.019928977,2.567961931,125
1,20,50,0.023211313,3.17790103,136
1,25,40,0.027658306,3.909968853,149
1,32,32,0.036697593,4.808472157,152
1,40,25,0.042095561,6.080455303,166
1,50,20,0.054026093,7.519411564,179
1,64,16,0.076665513,9.302657127,191
1,100,10,0.101453364,14.67462921,236
1,125,8,0.135044023,18.25066948,260
1,200,5,0.232601196,28.93507957,327
1,250,4,0.286682516,36.08015442,383
1,500,2,0.543561578,71.71039581,606
1,1000,1,1.056299567,142.8571472,999
2,1,1000,3.16E-16,0.2544007,0
2,2,500,0.002199158,0.44297722,54
2,4,250,0.006767872,0.775126398,96
2,8,125,0.012644632,1.386997104,122
2,10,100,0.014055906,1.682791471,137
2,16,63,0.017732309,2.547522068,147
2,20,50,0.021714905,3.147551537,159
2,25,40,0.024688922,3.878078461,171
2,32,32,0.037503477,4.768035412,173
2,40,25,0.044385243,6.038639545,185
2,50,20,0.052183159,7.478104591,201
2,64,16,0.070452496,9.274297714,213
2,100,10,0.106631868,14.64961052,259
2,125,8,0.120998979,18.22844696,281
2,200,5,0.191422909,28.93117714,349
2,250,4,0.234228432,36.06328964,395
2,500,2,0.481131256,71.67005157,597
2,1000,1,0.962803066,142.8571472,999
3,1,1000,4.22E-16,0.256735653,0
3,2,500,0.001455159,0.444419771,42
3,4,250,0.003767285,0.776490629,73
3,8,125,0.011469769,1.395084262,103
3,10,100,0.012164623,1.697171807,109
3,16,63,0.015002511,2.557015896,124
3,20,50,0.019960221,3.164770842,132
3,25,40,0.021899832,3.892890215,146
3,32,32,0.039494727,4.785679817,153
3,40,25,0.042032424,6.052286148,169
3,50,20,0.050044168,7.489768982,174
3,64,16,0.069164626,9.280444145,192
3,100,10,0.094972245,14.63821411,223
3,125,8,0.119640514,18.21014023,247
3,200,5,0.212949038,28.91089439,313
3,250,4,0.269957632,36.03092194,366
3,500,2,0.499778986,71.68327332,600
3,1000,1,0.998183548,142.8571472,999
4,1,1000,1.85E-16,0.260128677,0
4,2,500,0.003094018,0.451577932,56
4,4,250,0.004999773,0.787934542,83
4,8,125,0.014077288,1.403211951,97
4,10,100,0.015713381,1.69797802,104
4,16,63,0.025342384,2.567529202,127
4,20,50,0.028903749,3.163581133,126
4,25,40,0.033808965,3.895307541,145
4,32,32,0.037299,4.796526909,158
4,40,25,0.048324671,6.057695389,161
4,50,20,0.06796629,7.495099068,176
4,64,16,0.079915367,9.298875809,197
4,100,10,0.122833028,14.65239716,232
4,125,8,0.147738948,18.24170303,267
4,200,5,0.218001932,28.94537926,341
4,250,4,0.271782428,36.07507706,388
4,500,2,0.526534081,71.68179321,595
4,1000,1,1.053310752,142.8571472,999
5,1,1000,3.56E-16,0.24958086,0
5,2,500,0.001505713,0.440129995,54
5,4,250,0.008806936,0.773146749,89
5,8,125,0.017079409,1.385772705,114
5,10,100,0.018050954,1.683624744,121
5,16,63,0.023636576,2.544613838,137
5,20,50,0.034564562,3.145500898,148
5,25,40,0.035623923,3.87204361,163
5,32,32,0.046611466,4.771425247,174
5,40,25,0.061327085,6.031863213,190
5,50,20,0.072966337,7.467840672,204
5,64,16,0.089678206,9.254821777,219
5,100,10,0.125439033,14.62808418,263
5,125,8,0.145431802,18.19735718,292
5,200,5,0.204138547,28.91543579,363
5,250,4,0.260168284,36.02510071,406
5,500,2,0.493711293,71.66973114,627
5,1000,1,0.91511035,142.8571472,999
6,1,1000,3.93E-16,0.25543505,0
6,2,500,0.001952628,0.444250047,42
6,4,250,0.007670146,0.780304909,81
6,8,125,0.009965554,1.394390941,95
6,10,100,0.012191696,1.694995165,102
6,16,63,0.026112853,2.563379288,122
6,20,50,0.030905968,3.16770792,131
6,25,40,0.038317218,3.893371582,148
6,32,32,0.041645858,4.799663067,152
6,40,25,0.055099107,6.059767246,164
6,50,20,0.060025837,7.5076437,189
6,64,16,0.074372694,9.298480034,203
6,100,10,0.110256068,14.65631104,248
6,125,8,0.126315385,18.22011375,268
6,200,5,0.207305461,28.92670631,346
6,250,4,0.245297655,36.04476547,382
6,500,2,0.529066145,71.65297699,599
6,1000,1,0.982790649,142.8571472,999
7,1,1000,3.59E-16,0.255603671,0
7,2,500,0.001467413,0.444653153,46
7,4,250,0.006014706,0.77760905,76
7,8,125,0.009187784,1.392046094,108
7,10,100,0.010801011,1.688954115,117
7,16,63,0.016990155,2.556822538,135
7,20,50,0.024051655,3.158143997,145
7,25,40,0.026655223,3.884925842,156
7,32,32,0.039638616,4.787241459,173
7,40,25,0.047328565,6.039927959,179
7,50,20,0.055648483,7.481058598,195
7,64,16,0.07689292,9.269280434,212
7,100,10,0.107005104,14.63876057,252
7,125,8,0.126216605,18.23008156,282
7,200,5,0.185307965,28.93008804,347
7,250,4,0.231849775,36.06457138,394
7,500,2,0.458085299,71.67734528,595
7,1000,1,0.971830606,142.8571472,999
8,1,1000,2.88E-16,0.257802486,0
8,2,500,0.00331902,0.446298867,45
8,4,250,0.009495417,0.779770315,77
8,8,125,0.017158616,1.393152595,96
8,10,100,0.020053709,1.696259737,104
8,16,63,0.025696959,2.561923742,122
8,20,50,0.028219093,3.168286324,135
8,25,40,0.03406781,3.89449501,144
8,32,32,0.036939621,4.796938896,148
8,40,25,0.042374261,6.055781364,162
8,50,20,0.0539103,7.485307217,170
8,64,16,0.073581949,9.273413658,182
8,100,10,0.11336375,14.63888264,229
8,125,8,0.132785961,18.20750999,249
8,200,5,0.202468619,28.92222023,325
8,250,4,0.240344986,36.05205536,370
8,500,2,0.46593532,71.65885925,585
8,1000,1,1.006940484,142.8571472,999
9,1,1000,4.44E-16,0.258476347,0
9,2,500,0.001825418,0.44500488,36
9,4,250,0.00723096,0.776565194,67
9,8,125,0.018412132,1.389144182,89
9,10,100,0.02009874,1.684300542,99
9,16,63,0.030090816,2.54957962,118
9,20,50,0.033050179,3.142659664,124
9,25,40,0.04185795,3.869637251,134
9,32,32,0.050129205,4.769872189,144
9,40,25,0.056411546,6.022857189,156
9,50,20,0.071194902,7.456873894,169
9,64,16,0.084754713,9.25116539,186
9,100,10,0.106788382,14.60936451,223
9,125,8,0.140729129,18.18038177,248
9,200,5,0.211087897,28.89501381,324
9,250,4,0.245504454,36.01870728,364
9,500,2,0.540566444,71.62518311,583
9,1000,1,1.001437068,142.8571472,999
10,1,1000,2.94E-16,0.254702806,0
10,2,500,0.001780359,0.44429639,46
10,4,250,0.006024262,0.779431999,82
10,8,125,0.015953824,1.394014835,103
10,10,100,0.017992578,1.69095397,106
10,16,63,0.022382502,2.560397863,131
10,20,50,0.027887318,3.166134834,142
10,25,40,0.030086357,3.895086765,146
10,32,32,0.032154892,4.801981449,166
10,40,25,0.047745701,6.062387466,172
10,50,20,0.057690009,7.498347282,191
10,64,16,0.072795227,9.290523529,206
10,100,10,0.12039607,14.66087341,244
10,125,8,0.148853913,18.23518181,274
10,200,5,0.21080032,28.93010902,337
10,250,4,0.255883694,36.05636978,378
10,500,2,0.474403203,71.66687775,591
10,1000,1,0.972674489,142.8571472,999
11,1,1000,2.53E-16,0.25392276,0
11,2,500,0.002341009,0.442136317,52
11,4,250,0.004186923,0.775809467,77
11,8,125,0.008359957,1.388342381,102
11,10,100,0.009458131,1.685063481,110
11,16,63,0.02265903,2.541793346,129
11,20,50,0.031172074,3.14539957,136
11,25,40,0.035246413,3.863197327,143
11,32,32,0.045831177,4.768613815,163
11,40,25,0.052072685,6.030303955,172
11,50,20,0.064547896,7.452501774,179
11,64,16,0.076531902,9.251142502,200
11,100,10,0.116703026,14.6070385,233
11,125,8,0.16735293,18.17277336,256
11,200,5,0.246006608,28.8651638,326
11,250,4,0.301164955,35.98745346,368
11,500,2,0.498640567,71.62547302,576
11,1000,1,0.945079446,142.8571472,999
12,1,1000,3.86E-16,0.253706157,0
12,2,500,0.001306307,0.441361278,36
12,4,250,0.003162822,0.771762431,66
12,8,125,0.007876059,1.381413817,90
12,10,100,0.010399516,1.680986643,96
12,16,63,0.01498707,2.542506933,112
12,20,50,0.016859215,3.146006107,122
12,25,40,0.028318271,3.865595579,129
12,32,32,0.035268933,4.767627716,140
12,40,25,0.039114218,6.034648895,156
12,50,20,0.049935408,7.460225582,162
12,64,16,0.076869138,9.251699448,185
12,100,10,0.10753233,14.61711121,223
12,125,8,0.132924646,18.17519379,241
12,200,5,0.201813355,28.87917709,311
12,250,4,0.255208015,36.0059967,353
12,500,2,0.488143444,71.64564514,575
12,1000,1,0.923906505,142.8571472,999
13,1,1000,4.05E-16,0.258780509,0
13,2,500,0.001688401,0.448672354,50
13,4,250,0.005827386,0.780985057,69
13,8,125,0.010193069,1.396935344,92
13,10,100,0.012102194,1.695236564,95
13,16,63,0.017826442,2.557573557,111
13,20,50,0.02222061,3.16379118,116
13,25,40,0.02998179,3.887056351,128
13,32,32,0.037795816,4.782202244,134
13,40,25,0.046884902,6.045773983,144
13,50,20,0.059572395,7.48657465,167
13,64,16,0.076105982,9.275226593,183
13,100,10,0.11423327,14.63642883,219
13,125,8,0.134002313,18.19911957,243
13,200,5,0.218805403,28.89048195,311
13,250,4,0.280533284,36.01911163,357
13,500,2,0.524720192,71.6227951,564
13,1000,1,1.026109099,142.8571472,999
14,1,1000,3.91E-16,0.257539332,0
14,2,500,0.001481046,0.448836744,44
14,4,250,0.005840887,0.784114063,85
14,8,125,0.009347693,1.401299596,112
14,10,100,0.011599937,1.698384285,115
14,16,63,0.024152817,2.568126678,137
14,20,50,0.031226344,3.167308092,141
14,25,40,0.037570223,3.888121128,152
14,32,32,0.048465434,4.80364275,172
14,40,25,0.05560853,6.063925743,184
14,50,20,0.068927042,7.500826836,198
14,64,16,0.085050985,9.291524887,212
14,100,10,0.140111059,14.64126587,245
14,125,8,0.161926806,18.21888733,269
14,200,5,0.219035268,28.90849304,335
14,250,4,0.290136725,36.03334427,373
14,500,2,0.546844661,71.6366272,586
14,1000,1,1.043822289,142.8571472,999
15,1,1000,3.67E-16,0.257760137,0
15,2,500,0.001456312,0.448487729,46
15,4,250,0.004404721,0.782000721,79
15,8,125,0.009787438,1.398564696,107
15,10,100,0.011164009,1.692533016,120
15,16,63,0.021404905,2.557448387,134
15,20,50,0.027557189,3.162750006,147
15,25,40,0.034971666,3.878189802,155
15,32,32,0.043149833,4.787463665,165
15,40,25,0.052972548,6.043849468,174
15,50,20,0.061813086,7.482224941,186
15,64,16,0.072879836,9.270792961,198
15,100,10,0.112771317,14.62091064,230
15,125,8,0.147146985,18.19095612,260
15,200,5,0.238097131,28.8742466,322
15,250,4,0.278878063,36.01139832,370
15,500,2,0.51046437,71.62156677,582
15,1000,1,1.004871607,142.8571472,999
16,1,1000,3.53E-16,0.255560607,0
16,2,500,0.001942573,0.444928229,50
16,4,250,0.006988601,0.77725774,80
16,8,125,0.012172746,1.388770103,95
16,10,100,0.014250604,1.6875,107
16,16,63,0.026334016,2.551926851,120
16,20,50,0.031906251,3.151928902,126
16,25,40,0.037973978,3.876904249,134
16,32,32,0.044998296,4.77390337,144
16,40,25,0.051590715,6.030946732,155
16,50,20,0.061819293,7.466178894,166
16,64,16,0.06949199,9.257861137,184
16,100,10,0.113522433,14.61523914,216
16,125,8,0.141818613,18.17624855,240
16,200,5,0.207236484,28.88053513,311
16,250,4,0.260230362,36.01089096,359
16,500,2,0.500546634,71.66390228,587
16,1000,1,0.967043817,142.8571472,999
17,1,1000,3.35E-16,0.256197125,0
17,2,500,0.002867871,0.444050908,44
17,4,250,0.008333966,0.778861046,81
17,8,125,0.011053591,1.400791883,114
17,10,100,0.012146002,1.701103687,125
17,16,63,0.017570412,2.57007885,149
17,20,50,0.019998122,3.171062946,153
17,25,40,0.021849038,3.899052858,165
17,32,32,0.025327057,4.809633255,184
17,40,25,0.030370723,6.067014217,195
17,50,20,0.045117371,7.495445251,210
17,64,16,0.062470544,9.291313171,223
17,100,10,0.097982094,14.64563274,261
17,125,8,0.112498917,18.23147011,289
17,200,5,0.171990633,28.92140198,349
17,250,4,0.220655963,36.06518173,397
17,500,2,0.499112636,71.67823792,610
17,1000,1,1.016459465,142.8571472,999
18,1,1000,2.97E-16,0.255728483,0
18,2,500,0.001524483,0.445258349,55
18,4,250,0.006831076,0.783823848,95
18,8,125,0.015083319,1.402576447,129
18,10,100,0.017954202,1.701877594,138
18,16,63,0.02353077,2.565835953,150
18,20,50,0.029003762,3.173539162,165
18,25,40,0.032204524,3.890367985,171
18,32,32,0.04377985,4.801549435,185
18,40,25,0.047815945,6.062000275,194
18,50,20,0.060115278,7.486128807,202
18,64,16,0.070427723,9.28494072,218
18,100,10,0.108322419,14.6582737,260
18,125,8,0.137751058,18.22190666,276
18,200,5,0.24095884,28.90471458,349
18,250,4,0.309902281,36.03371811,391
18,500,2,0.55541563,71.63603973,591
18,1000,1,1.015272617,142.8571472,999
19,1,1000,2.99E-16,0.25489521,0
19,2,500,0.001853604,0.445730746,61
19,4,250,0.003762268,0.780951142,99
19,8,125,0.007186194,1.398633242,121
19,10,100,0.012466078,1.697360992,127
19,16,63,0.020777438,2.567648172,153
19,20,50,0.024972243,3.170902014,158
19,25,40,0.029589817,3.898645401,169
19,32,32,0.031698365,4.795489311,182
19,40,25,0.047903914,6.053147793,190
19,50,20,0.057715748,7.495248318,206
19,64,16,0.065483212,9.2896595,225
19,100,10,0.104395464,14.65909004,262
19,125,8,0.131540313,18.22204971,283
19,200,5,0.192771703,28.93896484,352
19,250,4,0.228317752,36.07283401,395
19,500,2,0.48406595,71.72111511,611
19,1000,1,1.000492215,142.8571472,999
20,1,1000,2.56E-16,0.252707899,0
20,2,500,0.001623932,0.440905809,52
20,4,250,0.005900309,0.777793109,92
20,8,125,0.008538917,1.389824748,115
20,10,100,0.010589336,1.690756321,130
20,16,63,0.020419998,2.555925846,150
20,20,50,0.022619709,3.157985926,156
20,25,40,0.029735196,3.880439281,168
20,32,32,0.037699405,4.790399551,191
20,40,25,0.044297583,6.047310352,195
20,50,20,0.050342597,7.4835639,211
20,64,16,0.064870127,9.270776749,227
20,100,10,0.095160879,14.63288403,257
20,125,8,0.1287449,18.2003479,282
20,200,5,0.205994219,28.88945961,347
20,250,4,0.270075381,36.01857376,396
20,500,2,0.507352829,71.65309143,609
20,1000,1,0.960845649,142.8571472,999
21,1,1000,3.60E-16,0.254411191,0
21,2,500,0.002635284,0.445557177,50
21,4,250,0.004274554,0.777372062,81
21,8,125,0.009573886,1.391308784,113
21,10,100,0.012476841,1.693678379,126
21,16,63,0.015672995,2.552639961,140
21,20,50,0.021600578,3.15395546,151
21,25,40,0.028927252,3.879994869,159
21,32,32,0.03033356,4.778540611,169
21,40,25,0.034820251,6.036634445,177
21,50,20,0.044042427,7.469107628,190
21,64,16,0.065664887,9.260504723,211
21,100,10,0.104148537,14.61747265,242
21,125,8,0.129955709,18.19160461,262
21,200,5,0.209456071,28.88241196,335
21,250,4,0.249636024,36.00413132,375
21,500,2,0.481856972,71.62844849,586
21,1000,1,0.957125187,142.8571472,999
22,1,1000,3.68E-16,0.259184539,0
22,2,500,0.001410493,0.448576003,39
22,4,250,0.003027544,0.777379751,70
22,8,125,0.011241639,1.390449286,93
22,10,100,0.015050054,1.689906478,93
22,16,63,0.021782547,2.552224636,115
22,20,50,0.023454094,3.153238535,123
22,25,40,0.029866423,3.876170397,131
22,32,32,0.039467234,4.786079407,141
22,40,25,0.044202399,6.041684151,149
22,50,20,0.053694848,7.476659298,167
22,64,16,0.066333637,9.27369976,185
22,100,10,0.10105703,14.63555622,220
22,125,8,0.130291447,18.20016479,242
22,200,5,0.19812189,28.90609741,315
22,250,4,0.25034377,36.03292084,364
22,500,2,0.51068902,71.63245392,571
22,1000,1,1.006154299,142.8571472,999
23,1,1000,4.46E-16,0.257495582,0
23,2,500,0.001761871,0.445318401,39
23,4,250,0.004289344,0.777289689,68
23,8,125,0.00733709,1.387930632,90
23,10,100,0.008824305,1.687246203,97
23,16,63,0.022195159,2.551116943,110
23,20,50,0.025264408,3.153013706,118
23,25,40,0.028952224,3.879849911,133
23,32,32,0.031133765,4.77804184,137
23,40,25,0.037793681,6.039170742,153
23,50,20,0.04554493,7.488836765,172
23,64,16,0.063531816,9.271608353,184
23,100,10,0.107359283,14.65066719,233
23,125,8,0.125971615,18.21375084,253
23,200,5,0.202810064,28.90781593,325
23,250,4,0.265391409,36.03109741,369
23,500,2,0.49100855,71.64135742,581
23,1000,1,0.99218756,142.8571472,999
24,1,1000,4.24E-16,0.257206529,0
24,2,500,0.001505856,0.446042717,40
24,4,250,0.004700997,0.777427316,69
24,8,125,0.015039349,1.390072465,91
24,10,100,0.016947296,1.690633655,99
24,16,63,0.022484222,2.553435326,112
24,20,50,0.025911266,3.151688814,124
24,25,40,0.03208809,3.880317688,133
24,32,32,0.037503846,4.784183502,144
24,40,25,0.051180858,6.033428192,154
24,50,20,0.067799732,7.471459389,171
24,64,16,0.076665275,9.266836166,192
24,100,10,0.123235673,14.61822796,218
24,125,8,0.155829534,18.18479729,243
24,200,5,0.234529838,28.88068581,308
24,250,4,0.286289304,36.01898575,363
24,500,2,0.509340703,71.6513443,573
24,1000,1,1.00102973,142.8571472,999
25,1,1000,3.56E-16,0.256651729,0
25,2,500,0.001764614,0.44771418,48
25,4,250,0.005477555,0.782635927,72
25,8,125,0.010733071,1.40125668,101
25,10,100,0.0141403,1.693823576,109
25,16,63,0.019739674,2.558256865,125
25,20,50,0.027087348,3.166101694,137
25,25,40,0.028828241,3.891718626,149
25,32,32,0.045373451,4.791570187,163
25,40,25,0.049888592,6.051734447,170
25,50,20,0.065927811,7.48051548,181
25,64,16,0.077482291,9.272402763,200
25,100,10,0.108858958,14.63938904,238
25,125,8,0.129995316,18.21373749,263
25,200,5,0.199539915,28.91817284,328
25,250,4,0.246933028,36.03614426,370
25,500,2,0.48636806,71.65979004,594
25,1000,1,0.998711646,142.8571472,999
26,1,1000,2.95E-16,0.256564349,0
26,2,500,0.001295556,0.443176568,41
26,4,250,0.007772719,0.776487112,68
26,8,125,0.012916738,1.397518873,95
26,10,100,0.017293818,1.696806431,101
26,16,63,0.022816682,2.559859753,120
26,20,50,0.028275741,3.167232275,128
26,25,40,0.032872606,3.888615847,139
26,32,32,0.044043034,4.791707993,149
26,40,25,0.05402562,6.055820465,163
26,50,20,0.058729157,7.482571602,170
26,64,16,0.070877075,9.287430763,191
26,100,10,0.107738763,14.6617918,234
26,125,8,0.132560253,18.25024796,263
26,200,5,0.200354919,28.95180702,334
26,250,4,0.263918072,36.0968132,387
26,500,2,0.520094514,71.69078064,590
26,1000,1,0.997247159,142.8571472,999
27,1,1000,3.01E-16,0.256898463,0
27,2,500,0.001447464,0.447925866,46
27,4,250,0.003073242,0.781021535,82
27,8,125,0.008547994,1.395550728,99
27,10,100,0.015002175,1.692917228,111
27,16,63,0.019880315,2.55127883,122
27,20,50,0.023391938,3.153372526,129
27,25,40,0.028605139,3.872757435,139
27,32,32,0.036400836,4.772490025,151
27,40,25,0.041370906,6.03619194,163
27,50,20,0.049716424,7.472826481,182
27,64,16,0.061536107,9.262471199,195
27,100,10,0.08308015,14.6297245,236
27,125,8,0.112398431,18.19714737,265
27,200,5,0.181496099,28.89109802,331
27,250,4,0.220579043,36.02664185,384
27,500,2,0.434753776,71.64525604,594
27,1000,1,0.992925942,142.8571472,999
28,1,1000,3.59E-16,0.25339371,0
28,2,500,0.001904842,0.443686843,48
28,4,250,0.006740532,0.777406573,81
28,8,125,0.011703361,1.391088128,109
28,10,100,0.014342714,1.68670702,113
28,16,63,0.029220469,2.552596331,134
28,20,50,0.030823527,3.153594017,134
28,25,40,0.036363412,3.880630016,145
28,32,32,0.04942131,4.777917385,154
28,40,25,0.058410011,6.040628433,166
28,50,20,0.068979919,7.489515781,183
28,64,16,0.072512396,9.281047821,197
28,100,10,0.104885146,14.67227364,249
28,125,8,0.127129957,18.25968933,280
28,200,5,0.209837347,28.94865799,342
28,250,4,0.246905401,36.07703781,383
28,500,2,0.500603735,71.66259766,588
28,1000,1,0.959452629,142.8571472,999
29,1,1000,2.92E-16,0.253417432,0
29,2,500,0.002411347,0.441982001,41
29,4,250,0.005326109,0.77682966,84
29,8,125,0.011353767,1.396198153,115
29,10,100,0.016340315,1.694252968,124
29,16,63,0.026623061,2.559663773,134
29,20,50,0.030825796,3.159106731,144
29,25,40,0.035616819,3.883164644,162
29,32,32,0.046840876,4.789016724,167
29,40,25,0.050940849,6.047305107,177
29,50,20,0.05860842,7.488018036,199
29,64,16,0.068498336,9.281944275,211
29,100,10,0.098594777,14.65925598,260
29,125,8,0.116605595,18.23167229,281
29,200,5,0.190280557,28.91370583,346
29,250,4,0.257762998,36.04948807,396
29,500,2,0.50563699,71.72079468,634
29,1000,1,0.953309953,142.8571472,999
30,1,1000,4.04E-16,0.258959502,0
30,2,500,0.002194824,0.449526936,47
30,4,250,0.006157862,0.784342825,80
30,8,125,0.013407324,1.398866653,104
30,10,100,0.016913205,1.694298983,107
30,16,63,0.028448151,2.560052872,129
30,20,50,0.032530423,3.151135206,133
30,25,40,0.041366454,3.881267548,139
30,32,32,0.046873428,4.779691219,151
30,40,25,0.05095426,6.040069103,162
30,50,20,0.056880433,7.477714539,177
30,64,16,0.063716345,9.262974739,194
30,100,10,0.100377545,14.62875843,239
30,125,8,0.12351729,18.18813324,255
30,200,5,0.198558778,28.88485336,332
30,250,4,0.257919014,36.00867081,369
30,500,2,0.519548118,71.64930725,586
30,1000,1,1.028351426,142.8571472,999
31,1,1000,3.50E-16,0.256252676,0
31,2,500,0.001482831,0.447522998,45
31,4,250,0.004635052,0.779362321,76
31,8,125,0.010738463,1.402909875,101
31,10,100,0.012643432,1.696571708,101
31,16,63,0.016322261,2.563014746,126
31,20,50,0.018219428,3.159858704,131
31,25,40,0.024997741,3.890750408,147
31,32,32,0.037945632,4.790066242,158
31,40,25,0.046076208,6.052871704,174
31,50,20,0.053150672,7.484030247,181
31,64,16,0.068972439,9.280480385,196
31,100,10,0.112151347,14.62835407,227
31,125,8,0.139062658,18.20997238,259
31,200,5,0.20583646,28.90365601,327
31,250,4,0.238198832,36.04409027,374
31,500,2,0.490605712,71.69297028,596
31,1000,1,0.992234945,142.8571472,999
32,1,1000,3.64E-16,0.254924834,0
32,2,500,0.001500022,0.44425711,42
32,4,250,0.007260757,0.774411798,75
32,8,125,0.009721865,1.387665153,95
32,10,100,0.011881785,1.688420057,107
32,16,63,0.017231148,2.554501295,123
32,20,50,0.022537313,3.160243511,136
32,25,40,0.029966196,3.887720585,149
32,32,32,0.038011637,4.785690784,162
32,40,25,0.046427339,6.053956985,173
32,50,20,0.060076218,7.49403286,189
32,64,16,0.071430854,9.278720856,205
32,100,10,0.094586432,14.65071678,236
32,125,8,0.126357779,18.21706963,262
32,200,5,0.217140213,28.904953,326
32,250,4,0.259224683,36.04763794,379
32,500,2,0.473721802,71.68251038,591
32,1000,1,0.967115045,142.8571472,999
33,1,1000,4.05E-16,0.258732527,0
33,2,500,0.001281063,0.449728757,48
33,4,250,0.003734222,0.77976346,74
33,8,125,0.008281906,1.393616199,104
33,10,100,0.012193195,1.695175529,113
33,16,63,0.016435863,2.55625844,127
33,20,50,0.021439221,3.154236078,137
33,25,40,0.024717448,3.878180742,142
33,32,32,0.031529833,4.782714367,153
33,40,25,0.040630389,6.045404434,168
33,50,20,0.045223065,7.479054928,179
33,64,16,0.065067992,9.276152611,195
33,100,10,0.111410089,14.63099098,229
33,125,8,0.132564336,18.20374489,253
33,200,5,0.229595184,28.91225815,327
33,250,4,0.282296687,36.03546524,370
33,500,2,0.516115069,71.69348145,596
33,1000,1,1.008632898,142.8571472,999
34,1,1000,3.25E-16,0.255775422,0
34,2,500,0.001684227,0.446308672,50
34,4,250,0.00446227,0.778385997,87
34,8,125,0.008203371,1.391080141,106
34,10,100,0.009082383,1.686835885,108
34,16,63,0.015190282,2.549465895,127
34,20,50,0.018167514,3.151930332,133
34,25,40,0.020652145,3.874450207,144
34,32,32,0.023718353,4.779918671,152
34,40,25,0.028038677,6.045029163,167
34,50,20,0.03216546,7.478393555,179
34,64,16,0.050844286,9.273621559,196
34,100,10,0.083982937,14.63128471,231
34,125,8,0.104784183,18.19430733,256
34,200,5,0.195639744,28.90647507,328
34,250,4,0.254741192,36.02281189,376
34,500,2,0.477988183,71.66075897,595
34,1000,1,0.978175759,142.8571472,999
35,1,1000,2.83E-16,0.251659185,0
35,2,500,0.001423582,0.442034811,52
35,4,250,0.008570753,0.77075851,87
35,8,125,0.010643757,1.383144855,115
35,10,100,0.011749297,1.6819911,117
35,16,63,0.014281871,2.542704821,134
35,20,50,0.018052651,3.142072439,134
35,25,40,0.031187272,3.871235609,149
35,32,32,0.045328498,4.761096954,157
35,40,25,0.058011912,6.024843693,178
35,50,20,0.069701083,7.468316078,192
35,64,16,0.085382126,9.259446144,209
35,100,10,0.12380638,14.63086128,248
35,125,8,0.149766475,18.20213509,277
35,200,5,0.227744356,28.9222908,356
35,250,4,0.270671427,36.04798126,395
35,500,2,0.471162409,71.72757721,622
35,1000,1,0.917848647,142.8571472,999
36,1,1000,2.30E-16,0.251593769,0
36,2,500,0.001661419,0.435857505,32
36,4,250,0.00410233,0.763985574,62
36,8,125,0.007601656,1.376556873,81
36,10,100,0.010269802,1.67815733,91
36,16,63,0.020804504,2.537371159,101
36,20,50,0.022978829,3.145772457,112
36,25,40,0.025753228,3.873820782,122
36,32,32,0.02788821,4.773587704,130
36,40,25,0.037060227,6.032785416,139
36,50,20,0.06289494,7.459765434,146
36,64,16,0.075610943,9.256614685,167
36,100,10,0.103021435,14.62345409,205
36,125,8,0.130171865,18.19574165,233
36,200,5,0.195864365,28.91084862,310
36,250,4,0.23764874,36.01823044,350
36,500,2,0.451833934,71.65918732,585
36,1000,1,0.891799092,142.8571472,999
37,1,1000,3.07E-16,0.254184097,0
37,2,500,0.001646034,0.443194509,54
37,4,250,0.004519463,0.776272297,91
37,8,125,0.010754094,1.397185922,112
37,10,100,0.01606115,1.691668391,116
37,16,63,0.026138166,2.556219101,135
37,20,50,0.029000686,3.159751892,145
37,25,40,0.036779471,3.882390499,151
37,32,32,0.045049965,4.782741547,162
37,40,25,0.061011467,6.043132305,174
37,50,20,0.067652963,7.479125977,187
37,64,16,0.078063212,9.280471802,210
37,100,10,0.109674267,14.65657997,258
37,125,8,0.130289003,18.23007584,283
37,200,5,0.18546775,28.93430519,347
37,250,4,0.229897037,36.05831146,390
37,500,2,0.511256278,71.65065002,595
37,1000,1,0.967827201,142.8571472,999
38,1,1000,4.32E-16,0.257042617,0
38,2,500,0.00214523,0.446144968,38
38,4,250,0.004713916,0.779565573,75
38,8,125,0.011096862,1.396822929,109
38,10,100,0.014339874,1.69275713,115
38,16,63,0.030606084,2.556848049,130
38,20,50,0.031943474,3.16293025,143
38,25,40,0.042971402,3.888002872,155
38,32,32,0.054984022,4.7894907,173
38,40,25,0.057385039,6.048433781,178
38,50,20,0.068265751,7.487149239,198
38,64,16,0.083764493,9.282488823,217
38,100,10,0.122200653,14.65006447,255
38,125,8,0.1499134,18.20723724,268
38,200,5,0.237150609,28.91019058,343
38,250,4,0.285042852,36.05325699,393
38,500,2,0.531813681,71.6397934,593
38,1000,1,1.006510019,142.8571472,999
39,1,1000,3.33E-16,0.252400458,0
39,2,500,0.001798213,0.44032377,40
39,4,250,0.004841011,0.776079357,73
39,8,125,0.008744207,1.387770772,110
39,10,100,0.010319148,1.691785097,117
39,16,63,0.015490792,2.553794622,134
39,20,50,0.023991702,3.160983562,142
39,25,40,0.031318437,3.883248806,150
39,32,32,0.04524738,4.784143925,158
39,40,25,0.05245601,6.050674915,175
39,50,20,0.058740113,7.494390965,193
39,64,16,0.06877654,9.276174545,202
39,100,10,0.099992745,14.65010357,247
39,125,8,0.135977715,18.21261597,264
39,200,5,0.195619643,28.89900589,330
39,250,4,0.252605528,36.04650116,382
39,500,2,0.476648778,71.65944672,595
39,1000,1,0.936104476,142.8571472,999
40,1,1000,4.10E-16,0.258052975,0
40,2,500,0.004602616,0.447035015,37
40,4,250,0.006775427,0.781111777,76
40,8,125,0.010028268,1.396471381,96
40,10,100,0.012225992,1.696576953,101
40,16,63,0.021503896,2.555090427,111
40,20,50,0.026225921,3.156694889,122
40,25,40,0.033138972,3.87702322,132
40,32,32,0.036680542,4.776660442,138
40,40,25,0.046991874,6.041388035,150
40,50,20,0.051229004,7.471562862,161
40,64,16,0.060562138,9.263597488,180
40,100,10,0.092026569,14.63087654,215
40,125,8,0.115302205,18.19662094,238
40,200,5,0.182906449,28.90502548,310
40,250,4,0.219002113,36.0370903,359
40,500,2,0.496748626,71.662323,579
40,1000,1,1.007599592,142.8571472,999
41,1,1000,5.40E-16,0.259240568,0
41,2,500,0.001729158,0.449574351,44
41,4,250,0.00608622,0.784489989,78
41,8,125,0.014378087,1.402409911,100
41,10,100,0.015659206,1.69905746,112
41,16,63,0.019732602,2.571291924,136
41,20,50,0.021858821,3.175196648,141
41,25,40,0.02824714,3.901560545,151
41,32,32,0.037111416,4.809274197,169
41,40,25,0.051472999,6.067659855,177
41,50,20,0.064688034,7.50197506,187
41,64,16,0.071416818,9.298962593,206
41,100,10,0.113627769,14.65878868,240
41,125,8,0.139193729,18.24055672,266
41,200,5,0.224968731,28.94740868,341
41,250,4,0.271089584,36.09158325,390
41,500,2,0.509582698,71.68312836,586
41,1000,1,1.047294736,142.8571472,999
42,1,1000,3.06E-16,0.25715524,0
42,2,500,0.003654861,0.446613729,54
42,4,250,0.010609997,0.779955864,88
42,8,125,0.017147638,1.399174333,114
42,10,100,0.021092504,1.697520137,120
42,16,63,0.026827754,2.564820528,138
42,20,50,0.030229006,3.165239334,148
42,25,40,0.03760501,3.887905121,154
42,32,32,0.043330397,4.791978836,168
42,40,25,0.05019233,6.052992344,179
42,50,20,0.064415149,7.484303951,192
42,64,16,0.077367842,9.279947281,207
42,100,10,0.114132248,14.63382721,240
42,125,8,0.124632142,18.20653725,264
42,200,5,0.205869511,28.89752579,333
42,250,4,0.25513038,36.03430557,375
42,500,2,0.470353067,71.65011597,574
42,1000,1,1.002232313,142.8571472,999
43,1,1000,3.72E-16,0.258430302,0
43,2,500,0.001787722,0.447401315,40
43,4,250,0.008269233,0.779862285,77
43,8,125,0.012093674,1.393604994,97
43,10,100,0.014362018,1.695213795,104
43,16,63,0.017023953,2.558050394,117
43,20,50,0.021342382,3.155676603,125
43,25,40,0.024245145,3.877490282,132
43,32,32,0.032300886,4.782615662,146
43,40,25,0.037504174,6.037442684,155
43,50,20,0.053516358,7.474420071,164
43,64,16,0.06840422,9.266871452,185
43,100,10,0.108268537,14.62613201,219
43,125,8,0.135751501,18.19278908,241
43,200,5,0.208468243,28.87999916,309
43,250,4,0.259505093,36.01063156,357
43,500,2,0.519418776,71.63239288,577
43,1000,1,1.000635266,142.8571472,999
44,1,1000,3.49E-16,0.259028018,0
44,2,500,0.002567606,0.449984968,40
44,4,250,0.007610308,0.783363342,68
44,8,125,0.012194354,1.39390254,90
44,10,100,0.014297076,1.693608761,105
44,16,63,0.019324496,2.552866459,116
44,20,50,0.025062848,3.151165962,125
44,25,40,0.030572865,3.876561642,133
44,32,32,0.04130983,4.778147221,144
44,40,25,0.047786597,6.039640427,158
44,50,20,0.055466086,7.476187706,168
44,64,16,0.067499511,9.265500069,182
44,100,10,0.118599221,14.63255501,224
44,125,8,0.150157809,18.20335579,247
44,200,5,0.212302342,28.88805199,313
44,250,4,0.267599463,36.01792526,361
44,500,2,0.505259097,71.63789368,572
44,1000,1,1.010631561,142.8571472,999
45,1,1000,3.16E-16,0.255858511,0
45,2,500,0.003711114,0.446267039,46
45,4,250,0.010469772,0.776318848,74
45,8,125,0.01311009,1.39119029,105
45,10,100,0.018422393,1.692276597,123
45,16,63,0.025950629,2.555186272,143
45,20,50,0.031877715,3.155287266,155
45,25,40,0.037738699,3.883182049,170
45,32,32,0.051005058,4.779920101,178
45,40,25,0.060956817,6.038003922,191
45,50,20,0.067957252,7.47901392,203
45,64,16,0.07882908,9.259728432,213
45,100,10,0.109018251,14.64835548,262
45,125,8,0.127882898,18.20799065,284
45,200,5,0.20618327,28.92409325,353
45,250,4,0.240104437,36.05170059,389
45,500,2,0.467588276,71.65616608,602
45,1000,1,0.989889324,142.8571472,999
46,1,1000,3.93E-16,0.25609684,0
46,2,500,0.001342928,0.445084333,42
46,4,250,0.004735918,0.778008938,80
46,8,125,0.01308411,1.396718979,109
46,10,100,0.014985307,1.692862988,114
46,16,63,0.018647823,2.558497667,129
46,20,50,0.021773692,3.165216446,142
46,25,40,0.027340004,3.89464879,156
46,32,32,0.035612825,4.795827389,161
46,40,25,0.038457036,6.06152916,173
46,50,20,0.048747819,7.502441406,188
46,64,16,0.066354096,9.277998924,197
46,100,10,0.107011095,14.64210701,237
46,125,8,0.136065155,18.2130146,262
46,200,5,0.197415575,28.91680527,334
46,250,4,0.253941357,36.03027344,371
46,500,2,0.504305959,71.64442444,585
46,1000,1,0.989042878,142.8571472,999
47,1,1000,4.25E-16,0.255033344,0
47,2,500,0.001602388,0.44785434,47
47,4,250,0.005894188,0.783289731,84
47,8,125,0.011436289,1.396601796,108
47,10,100,0.012182618,1.693806887,111
47,16,63,0.025278701,2.553560495,127
47,20,50,0.026628308,3.160644293,140
47,25,40,0.031306427,3.877938747,146
47,32,32,0.035584915,4.785861969,155
47,40,25,0.042248018,6.03750658,168
47,50,20,0.046877407,7.468811989,180
47,64,16,0.056219082,9.264004707,197
47,100,10,0.081167042,14.6307888,237
47,125,8,0.112743609,18.20179367,261
47,200,5,0.173665598,28.90244675,335
47,250,4,0.251777321,36.00539017,368
47,500,2,0.484679848,71.63891602,584
47,1000,1,0.988840759,142.8571472,999
48,1,1000,3.00E-16,0.254655361,0
48,2,500,0.001606742,0.446483016,54
48,4,250,0.004252812,0.777623534,85
48,8,125,0.009747638,1.388352394,108
48,10,100,0.011964807,1.688334823,115
48,16,63,0.020677917,2.550941944,137
48,20,50,0.025584575,3.153826714,149
48,25,40,0.029521871,3.879551649,161
48,32,32,0.036411777,4.779827118,168
48,40,25,0.050736852,6.038813591,180
48,50,20,0.056510232,7.47266531,194
48,64,16,0.072325706,9.258081436,207
48,100,10,0.11521741,14.62731171,250
48,125,8,0.143633693,18.19190979,274
48,200,5,0.209773272,28.89593506,342
48,250,4,0.249965325,36.01437378,378
48,500,2,0.491277158,71.63956451,596
48,1000,1,0.949104011,142.8571472,999
49,1,1000,3.69E-16,0.260306865,0
49,2,500,0.00188767,0.453667998,49
49,4,250,0.004257416,0.789828777,88
49,8,125,0.008511425,1.406907558,105
49,10,100,0.009586502,1.707038403,108
49,16,63,0.018188715,2.573423386,124
49,20,50,0.020532435,3.176703453,131
49,25,40,0.022316014,3.897875547,135
49,32,32,0.037292834,4.801931858,152
49,40,25,0.044068672,6.05970335,162
49,50,20,0.059472535,7.498330116,173
49,64,16,0.066998206,9.283878326,191
49,100,10,0.115718335,14.65736103,232
49,125,8,0.152381182,18.23407555,261
49,200,5,0.236313358,28.92447472,325
49,250,4,0.275053114,36.06494141,368
49,500,2,0.535214782,71.69356537,583
49,1000,1,1.066357374,142.8571472,999
50,1,1000,3.28E-16,0.251248628,0
50,2,500,0.00137699,0.438739121,45
50,4,250,0.003386504,0.766829014,81
50,8,125,0.008608133,1.380288124,113
50,10,100,0.009552539,1.676370144,126
50,16,63,0.011908722,2.54270792,139
50,20,50,0.013936719,3.141559839,146
50,25,40,0.017253049,3.869716644,157
50,32,32,0.023762083,4.773911476,163
50,40,25,0.030320244,6.032686234,179
50,50,20,0.039998297,7.463172913,194
50,64,16,0.058558766,9.260357857,211
50,100,10,0.096618161,14.62216759,245
50,125,8,0.125786826,18.18847656,273
50,200,5,0.203604952,28.89272499,346
50,250,4,0.256564826,36.02983093,390
50,500,2,0.473242193,71.67711639,610
50,1000,1,0.907827973,142.8571472,999
51,1,1000,2.94E-16,0.261472851,0
51,2,500,0.004076728,0.452414334,43
51,4,250,0.007119824,0.78602618,65
51,8,125,0.012667895,1.400020719,95
51,10,100,0.021837747,1.698221445,102
51,16,63,0.030141635,2.559709311,115
51,20,50,0.036148418,3.165857315,127
51,25,40,0.046141081,3.889618397,132
51,32,32,0.055132486,4.790836334,144
51,40,25,0.064413473,6.050842762,155
51,50,20,0.074522607,7.49236393,170
51,64,16,0.08736819,9.283790588,179
51,100,10,0.114145175,14.64635277,217
51,125,8,0.136945933,18.21851349,244
51,200,5,0.210894048,28.90357971,305
51,250,4,0.274796128,36.02445984,350
51,500,2,0.539722025,71.6417923,575
51,1000,1,1.061257124,142.8571472,999
52,1,1000,3.18E-16,0.256734699,0
52,2,500,0.003007597,0.447353542,46
52,4,250,0.004929855,0.78301537,74
52,8,125,0.011257795,1.399067283,100
52,10,100,0.015171199,1.698324561,110
52,16,63,0.030241894,2.558798075,127
52,20,50,0.033752672,3.159432173,138
52,25,40,0.045013245,3.873500824,139
52,32,32,0.060341317,4.782457352,161
52,40,25,0.062953345,6.044409752,174
52,50,20,0.073270746,7.480268002,193
52,64,16,0.090876266,9.2651577,203
52,100,10,0.115099356,14.63989544,247
52,125,8,0.143303394,18.20951462,268
52,200,5,0.200125024,28.93160439,339
52,250,4,0.253248185,36.05760574,381
52,500,2,0.505339026,71.68037415,602
52,1000,1,1.011541486,142.8571472,999
53,1,1000,2.97E-16,0.252837896,0
53,2,500,0.003267068,0.443104684,43
53,4,250,0.007397744,0.776419699,74
53,8,125,0.011299622,1.395522475,109
53,10,100,0.012939042,1.690102696,114
53,16,63,0.018145746,2.553299904,136
53,20,50,0.019894376,3.153388739,144
53,25,40,0.026939798,3.88198328,156
53,32,32,0.028587388,4.774126053,160
53,40,25,0.039910499,6.031467438,172
53,50,20,0.053255521,7.466269493,182
53,64,16,0.068215095,9.25209713,199
53,100,10,0.113196425,14.61849213,240
53,125,8,0.140921295,18.18589783,258
53,200,5,0.215535313,28.87003136,330
53,250,4,0.255435109,36.00432205,368
53,500,2,0.479586214,71.64631653,590
53,1000,1,0.955070257,142.8571472,999
54,1,1000,3.12E-16,0.255489647,0
54,2,500,0.003399186,0.447048277,51
54,4,250,0.013889424,0.78219533,87
54,8,125,0.018628526,1.399789214,111
54,10,100,0.021364927,1.702673197,126
54,16,63,0.030452022,2.572170734,142
54,20,50,0.036725726,3.174311876,148
54,25,40,0.044334337,3.898826599,168
54,32,32,0.053985853,4.810512543,176
54,40,25,0.062648334,6.073328018,189
54,50,20,0.068733484,7.510495663,206
54,64,16,0.086071007,9.304156303,229
54,100,10,0.113557294,14.67345619,264
54,125,8,0.147837371,18.24341393,288
54,200,5,0.222501069,28.92642784,343
54,250,4,0.267115742,36.06148529,384
54,500,2,0.524363875,71.67269135,594
54,1000,1,1.009870768,142.8571472,999
55,1,1000,3.37E-16,0.257667631,0
55,2,500,0.002174171,0.447609037,38
55,4,250,0.007040126,0.779386222,74
55,8,125,0.010666853,1.395132661,118
55,10,100,0.016573936,1.695319057,130
55,16,63,0.025977457,2.562439919,146
55,20,50,0.028019875,3.162186623,159
55,25,40,0.034445036,3.894970655,171
55,32,32,0.041104183,4.793371677,177
55,40,25,0.050710149,6.062829018,200
55,50,20,0.069461212,7.48823452,206
55,64,16,0.086030848,9.290606499,230
55,100,10,0.132800817,14.65699577,269
55,125,8,0.160724968,18.22134018,291
55,200,5,0.249452487,28.93793106,369
55,250,4,0.297440976,36.05844116,405
55,500,2,0.560068548,71.66075897,606
55,1000,1,1.033611059,142.8571472,999
56,1,1000,2.03E-16,0.25531444,0
56,2,500,0.002983852,0.445907414,46
56,4,250,0.004829751,0.777349591,83
56,8,125,0.009232019,1.395138502,121
56,10,100,0.015955256,1.696459174,132
56,16,63,0.027234539,2.559286833,153
56,20,50,0.029755855,3.155819893,157
56,25,40,0.031230582,3.880130053,169
56,32,32,0.036160018,4.78262949,179
56,40,25,0.046953928,6.038564682,186
56,50,20,0.061883654,7.474317074,197
56,64,16,0.07510142,9.268196106,215
56,100,10,0.105202168,14.62727928,252
56,125,8,0.129661143,18.19565392,272
56,200,5,0.192541271,28.89612389,340
56,250,4,0.236514524,36.02985001,382
56,500,2,0.480135858,71.65157318,589
56,1000,1,0.99302125,142.8571472,999
57,1,1000,3.44E-16,0.257427782,0
57,2,500,0.002817034,0.4463664,41
57,4,250,0.005181907,0.774917781,74
57,8,125,0.012794647,1.387367845,106
57,10,100,0.014566265,1.688980699,116
57,16,63,0.016863499,2.551105022,130
57,20,50,0.021004856,3.150598049,135
57,25,40,0.022932179,3.878421068,143
57,32,32,0.02653002,4.779903889,154
57,40,25,0.034673572,6.038415909,165
57,50,20,0.041788917,7.482367039,173
57,64,16,0.062344305,9.272703171,188
57,100,10,0.095145203,14.63996315,222
57,125,8,0.113994345,18.20476151,244
57,200,5,0.186722606,28.90467453,308
57,250,4,0.221576527,36.03789902,349
57,500,2,0.476781458,71.65914154,573
57,1000,1,0.984003782,142.8571472,999
58,1,1000,3.21E-16,0.260314286,0
58,2,500,0.001771133,0.453268379,52
58,4,250,0.004465478,0.790887713,87
58,8,125,0.016387878,1.412165999,116
58,10,100,0.018776301,1.711440444,128
58,16,63,0.022790741,2.575764656,143
58,20,50,0.025521833,3.180999994,150
58,25,40,0.035772432,3.905286074,160
58,32,32,0.04468843,4.801400661,169
58,40,25,0.056012999,6.065468788,181
58,50,20,0.072491273,7.506723881,193
58,64,16,0.085389547,9.290353775,206
58,100,10,0.143112257,14.65634441,247
58,125,8,0.194505915,18.22568512,280
58,200,5,0.279155314,28.92068481,351
58,250,4,0.344581038,36.07123566,407
58,500,2,0.594525754,71.68560028,606
58,1000,1,1.081445456,142.8571472,999
59,1,1000,2.76E-16,0.253897965,0
59,2,500,0.004904871,0.442722678,44
59,4,250,0.007192404,0.777538359,84
59,8,125,0.016973987,1.394795895,115
59,10,100,0.023016725,1.690471053,120
59,16,63,0.030240811,2.551453114,136
59,20,50,0.03338287,3.157142878,149
59,25,40,0.039647304,3.88033247,154
59,32,32,0.046601545,4.778038025,163
59,40,25,0.054586254,6.040246487,180
59,50,20,0.059807513,7.474253654,188
59,64,16,0.077676751,9.264212608,200
59,100,10,0.112453111,14.62945747,237
59,125,8,0.140744522,18.18934059,262
59,200,5,0.199363634,28.88399124,324
59,250,4,0.243312165,36.01540375,369
59,500,2,0.524183691,71.64630127,583
59,1000,1,0.951352537,142.8571472,999
60,1,1000,3.07E-16,0.254455447,0
60,2,500,0.00190681,0.441544652,41
60,4,250,0.007091134,0.771337092,71
60,8,125,0.011386706,1.387426138,98
60,10,100,0.012353013,1.684096813,106
60,16,63,0.021184226,2.54673171,127
60,20,50,0.024349837,3.15059185,133
60,25,40,0.033529021,3.87253499,146
60,32,32,0.041869782,4.775036812,153
60,40,25,0.051437337,6.035816193,166
60,50,20,0.058460865,7.465746403,176
60,64,16,0.072249703,9.263155937,195
60,100,10,0.118472867,14.62144184,238
60,125,8,0.145653859,18.1964283,262
60,200,5,0.207579374,28.89658737,329
60,250,4,0.246377319,36.02999878,369
60,500,2,0.467340976,71.67311096,577
60,1000,1,0.936806083,142.8571472,999
61,1,1000,3.45E-16,0.257702053,0
61,2,500,0.003367193,0.448838115,43
61,4,250,0.005962164,0.780400038,71
61,8,125,0.017036045,1.394767523,96
61,10,100,0.018569607,1.694038868,95
61,16,63,0.026759185,2.552677155,122
61,20,50,0.037225816,3.151513577,124
61,25,40,0.040905993,3.879411697,140
61,32,32,0.046111226,4.779287338,151
61,40,25,0.053433627,6.043674946,168
61,50,20,0.069875672,7.470221043,174
61,64,16,0.078543589,9.265954018,198
61,100,10,0.10703399,14.63119507,235
61,125,8,0.140689284,18.19711876,259
61,200,5,0.209456176,28.90198135,328
61,250,4,0.244964927,36.01447296,367
61,500,2,0.473255217,71.6576004,586
61,1000,1,1.003486872,142.8571472,999
62,1,1000,3.33E-16,0.261386305,0
62,2,500,0.004311832,0.452460289,45
62,4,250,0.007599216,0.785226345,79
62,8,125,0.013349798,1.40233016,103
62,10,100,0.016117755,1.700926781,114
62,16,63,0.020497017,2.568131924,128
62,20,50,0.026147693,3.169630527,139
62,25,40,0.034055818,3.893777132,146
62,32,32,0.044574868,4.794294357,158
62,40,25,0.049277052,6.056163311,171
62,50,20,0.063256137,7.493015289,184
62,64,16,0.075933807,9.282278061,197
62,100,10,0.106248729,14.65737915,234
62,125,8,0.145024836,18.2127533,257
62,200,5,0.230624333,28.91714478,322
62,250,4,0.300544292,36.03894806,366
62,500,2,0.549055874,71.65398407,572
62,1000,1,1.066901207,142.8571472,999
63,1,1000,2.30E-16,0.254331172,0
63,2,500,0.001232296,0.444697022,44
63,4,250,0.005383974,0.777329862,70
63,8,125,0.01076908,1.389725685,101
63,10,100,0.015328493,1.688614488,115
63,16,63,0.017963948,2.550609827,130
63,20,50,0.023586094,3.15619421,143
63,25,40,0.027045339,3.876546144,156
63,32,32,0.038592964,4.780791283,169
63,40,25,0.053592328,6.054862499,185
63,50,20,0.05951992,7.492480278,199
63,64,16,0.078142844,9.280454636,216
63,100,10,0.116989575,14.65452099,256
63,125,8,0.148551822,18.22163773,279
63,200,5,0.203550056,28.95685196,365
63,250,4,0.241555646,36.08818817,403
63,500,2,0.482553393,71.75675964,636
63,1000,1,0.962862492,142.8571472,999
64,1,1000,4.75E-16,0.259065121,0
64,2,500,0.003090066,0.448762804,46
64,4,250,0.005149229,0.784412086,79
64,8,125,0.008684143,1.403133035,108
64,10,100,0.009629415,1.702694893,114
64,16,63,0.016168155,2.572411537,125
64,20,50,0.026618151,3.171391964,135
64,25,40,0.031241674,3.896008968,144
64,32,32,0.042131752,4.797194481,158
64,40,25,0.056690361,6.067435265,173
64,50,20,0.073149785,7.501350403,184
64,64,16,0.087286741,9.287963867,201
64,100,10,0.133764476,14.65680981,238
64,125,8,0.160131007,18.22561073,260
64,200,5,0.234076664,28.94174576,329
64,250,4,0.293189257,36.05452347,370
64,500,2,0.541965961,71.65120697,570
64,1000,1,1.044116974,142.8571472,999
65,1,1000,3.56E-16,0.252770454,0
65,2,500,0.002687698,0.440222621,59
65,4,250,0.004346373,0.775186419,95
65,8,125,0.008637377,1.389642,115
65,10,100,0.014352804,1.679447055,122
65,16,63,0.017074605,2.548579931,136
65,20,50,0.018423796,3.144669294,140
65,25,40,0.0286409,3.870121002,152
65,32,32,0.03448933,4.773180008,160
65,40,25,0.047403816,6.032950401,170
65,50,20,0.054976907,7.45734024,183
65,64,16,0.063387372,9.261013985,199
65,100,10,0.098997265,14.62088585,237
65,125,8,0.133860916,18.1949501,260
65,200,5,0.188322961,28.90359879,337
65,250,4,0.226599574,36.02118301,367
65,500,2,0.482275754,71.63504791,585
65,1000,1,0.934250772,142.8571472,999
66,1,1000,2.77E-16,0.257349283,0
66,2,500,0.001455962,0.449410796,51
66,4,250,0.004916482,0.787117124,84
66,8,125,0.011187308,1.40481627,113
66,10,100,0.013238364,1.703655601,118
66,16,63,0.023655539,2.571732044,136
66,20,50,0.030209042,3.170480967,145
66,25,40,0.03756921,3.890360594,155
66,32,32,0.05386724,4.790128231,170
66,40,25,0.058560189,6.046033859,168
66,50,20,0.06206084,7.485691071,188
66,64,16,0.080599301,9.262074471,197
66,100,10,0.111462489,14.62517738,239
66,125,8,0.140689597,18.19402695,263
66,200,5,0.229383096,28.89474869,334
66,250,4,0.269300103,36.0293045,383
66,500,2,0.498691648,71.6496582,594
66,1000,1,1.034418106,142.8571472,999
67,1,1000,1.93E-16,0.253570259,0
67,2,500,0.001563201,0.444904566,53
67,4,250,0.007021055,0.777232945,87
67,8,125,0.016973548,1.391197085,111
67,10,100,0.020176399,1.69203794,118
67,16,63,0.038114041,2.554711103,130
67,20,50,0.039847247,3.155948877,136
67,25,40,0.04252398,3.87642169,145
67,32,32,0.050243143,4.780261993,155
67,40,25,0.063357115,6.035458565,164
67,50,20,0.076958172,7.476153374,184
67,64,16,0.086344376,9.260213852,193
67,100,10,0.136980847,14.6248064,237
67,125,8,0.160581306,18.20451736,264
67,200,5,0.242373317,28.89816284,330
67,250,4,0.280404121,36.04270935,380
67,500,2,0.487487882,71.69352722,608
67,1000,1,0.962701678,142.8571472,999
68,1,1000,3.69E-16,0.254155815,0
68,2,500,0.001920606,0.442602813,49
68,4,250,0.004509698,0.776730895,87
68,8,125,0.013718486,1.394873738,115
68,10,100,0.015959779,1.693883777,121
68,16,63,0.033606201,2.560395241,142
68,20,50,0.040149089,3.163325787,145
68,25,40,0.045736633,3.89418149,160
68,32,32,0.052599035,4.788006306,176
68,40,25,0.059142202,6.053943634,187
68,50,20,0.069229551,7.490361691,202
68,64,16,0.083224118,9.282862663,219
68,100,10,0.134033561,14.65514088,255
68,125,8,0.163619071,18.22672844,279
68,200,5,0.237429142,28.91998863,341
68,250,4,0.273717433,36.05857086,392
68,500,2,0.53843677,71.66170502,602
68,1000,1,0.979049683,142.8571472,999
69,1,1000,3.77E-16,0.253221691,0
69,2,500,0.002944016,0.443073571,58
69,4,250,0.006260603,0.773069322,81
69,8,125,0.010939463,1.388862252,113
69,10,100,0.016671482,1.68838346,118
69,16,63,0.01897289,2.549458265,133
69,20,50,0.021161297,3.146468163,137
69,25,40,0.028704094,3.877307892,146
69,32,32,0.041221991,4.775565624,164
69,40,25,0.048666704,6.03994894,173
69,50,20,0.055371311,7.476586342,188
69,64,16,0.067042127,9.266781807,206
69,100,10,0.099822082,14.62460899,243
69,125,8,0.12261118,18.20004082,275
69,200,5,0.185750574,28.89880371,344
69,250,4,0.215752319,36.02298737,385
69,500,2,0.448874503,71.63071442,591
69,1000,1,0.942711294,142.8571472,999
70,1,1000,3.69E-16,0.256350577,0
70,2,500,0.002152981,0.447339416,57
70,4,250,0.004230769,0.775805116,85
70,8,125,0.013015597,1.389028192,111
70,10,100,0.01437632,1.687307715,119
70,16,63,0.017002124,2.552188396,140
70,20,50,0.021671945,3.154362679,146
70,25,40,0.028835887,3.875815153,152
70,32,32,0.040000308,4.774421215,165
70,40,25,0.043006107,6.028192043,172
70,50,20,0.051116928,7.470387459,187
70,64,16,0.06282232,9.264510155,208
70,100,10,0.10331139,14.62344933,241
70,125,8,0.12958625,18.19844818,270
70,200,5,0.213998228,28.90276146,340
70,250,4,0.264660299,36.03515244,382
70,500,2,0.499449074,71.65014648,597
70,1000,1,0.972486436,142.8571472,999
71,1,1000,4.08E-16,0.261874348,0
71,2,500,0.001986802,0.450669795,48
71,4,250,0.005895783,0.782727778,72
71,8,125,0.018435445,1.394778013,92
71,10,100,0.020085638,1.693245292,101
71,16,63,0.032225646,2.562111855,123
71,20,50,0.037535418,3.159311533,125
71,25,40,0.041007999,3.892417192,141
71,32,32,0.051693998,4.796927929,146
71,40,25,0.058729131,6.05553484,155
71,50,20,0.071121782,7.490815163,169
71,64,16,0.084444948,9.27892971,179
71,100,10,0.119107887,14.66231823,230
71,125,8,0.155189618,18.21211052,247
71,200,5,0.224824741,28.92816162,321
71,250,4,0.276264906,36.03451157,354
71,500,2,0.515076041,71.6782608,581
71,1000,1,1.061643124,142.8571472,999
72,1,1000,4.06E-16,0.25812915,0
72,2,500,0.001433328,0.447813928,46
72,4,250,0.005018748,0.782858789,84
72,8,125,0.015641432,1.401636243,117
72,10,100,0.017666705,1.700746179,124
72,16,63,0.026019357,2.563181162,139
72,20,50,0.028271221,3.165690899,148
72,25,40,0.037953429,3.89749217,161
72,32,32,0.043128785,4.799622536,172
72,40,25,0.051296785,6.052188873,183
72,50,20,0.063514605,7.49659586,201
72,64,16,0.074078523,9.288401604,214
72,100,10,0.116777569,14.64769745,250
72,125,8,0.140311465,18.20944023,270
72,200,5,0.220210955,28.91240883,339
72,250,4,0.267983943,36.03967285,385
72,500,2,0.501321316,71.66419983,593
72,1000,1,1.039653063,142.8571472,999
73,1,1000,3.95E-16,0.259533644,0
73,2,500,0.001573804,0.450962812,47
73,4,250,0.008165833,0.784273684,80
73,8,125,0.012229626,1.397759318,103
73,10,100,0.014474729,1.695326328,102
73,16,63,0.019893337,2.564156771,123
73,20,50,0.021502072,3.164075851,128
73,25,40,0.027356353,3.888682127,136
73,32,32,0.033910178,4.786261082,150
73,40,25,0.03713179,6.054121017,156
73,50,20,0.052490562,7.488681793,168
73,64,16,0.061527383,9.273942947,182
73,100,10,0.082887471,14.64054108,216
73,125,8,0.106163606,18.22526932,247
73,200,5,0.185334519,28.91926575,311
73,250,4,0.244178027,36.03569794,352
73,500,2,0.492655277,71.64226532,567
73,1000,1,1.026625514,142.8571472,999
74,1,1000,4.53E-16,0.256379545,0
74,2,500,0.002905345,0.445785552,55
74,4,250,0.008227488,0.774537265,81
74,8,125,0.011139918,1.390113354,102
74,10,100,0.015059096,1.687156081,104
74,16,63,0.020478642,2.553229094,126
74,20,50,0.029539483,3.151281834,130
74,25,40,0.03894414,3.879114866,139
74,32,32,0.04781628,4.77605772,146
74,40,25,0.055560555,6.032159805,157
74,50,20,0.060626939,7.47056818,169
74,64,16,0.069780603,9.262396812,186
74,100,10,0.108829521,14.61869335,220
74,125,8,0.124446653,18.19690323,246
74,200,5,0.219767764,28.88372231,312
74,250,4,0.282650322,35.9996376,353
74,500,2,0.514637053,71.6036911,563
74,1000,1,0.974794805,142.8571472,999
75,1,1000,2.63E-16,0.259757966,0
75,2,500,0.002434665,0.451288939,52
75,4,250,0.006487301,0.789355576,86
75,8,125,0.01023208,1.407050133,114
75,10,100,0.01124758,1.711431384,123
75,16,63,0.028420135,2.571536779,139
75,20,50,0.050127842,3.174483061,149
75,25,40,0.069890931,3.90123558,156
75,32,32,0.075226568,4.799366474,164
75,40,25,0.077592738,6.05568552,180
75,50,20,0.09388613,7.502783775,194
75,64,16,0.109596699,9.293464661,209
75,100,10,0.130192176,14.67113018,246
75,125,8,0.164348125,18.23489571,271
75,200,5,0.248425439,28.92749023,333
75,250,4,0.294418395,36.05665207,375
75,500,2,0.553175569,71.67172241,594
75,1000,1,1.089246392,142.8571472,999
76,1,1000,3.58E-16,0.257562906,0
76,2,500,0.001687446,0.447358429,45
76,4,250,0.006018151,0.778845847,71
76,8,125,0.010674895,1.398908257,99
76,10,100,0.014773338,1.697321177,110
76,16,63,0.026457677,2.560395718,131
76,20,50,0.03022426,3.155329227,134
76,25,40,0.03620318,3.878824949,144
76,32,32,0.040621988,4.783087254,157
76,40,25,0.048351135,6.041337967,161
76,50,20,0.066601627,7.474137306,180
76,64,16,0.077448957,9.261507988,191
76,100,10,0.119338311,14.62651539,230
76,125,8,0.149499461,18.19636345,255
76,200,5,0.221881732,28.89678001,328
76,250,4,0.266071588,36.02569199,370
76,500,2,0.53501755,71.63131714,567
76,1000,1,1.004696012,142.8571472,999
77,1,1000,3.10E-16,0.256261915,0
77,2,500,0.001644708,0.44629088,51
77,4,250,0.004278977,0.782620192,84
77,8,125,0.015031114,1.397722602,112
77,10,100,0.016657081,1.696175575,121
77,16,63,0.022897048,2.554852247,133
77,20,50,0.026819708,3.160572529,145
77,25,40,0.030938739,3.88974452,159
77,32,32,0.040410414,4.781439781,169
77,40,25,0.045724649,6.055168629,187
77,50,20,0.051678665,7.485604763,188
77,64,16,0.066294909,9.275209427,211
77,100,10,0.098158546,14.64182091,245
77,125,8,0.133409753,18.21747208,274
77,200,5,0.215918347,28.9087162,345
77,250,4,0.258719981,36.04636765,386
77,500,2,0.483732611,71.65962982,591
77,1000,1,0.997971892,142.8571472,999
78,1,1000,4.27E-16,0.259071648,0
78,2,500,0.001425641,0.451330364,41
78,4,250,0.005182317,0.788404942,82
78,8,125,0.012407581,1.399324775,107
78,10,100,0.013615294,1.700048089,115
78,16,63,0.020440986,2.564097166,135
78,20,50,0.025491154,3.165803909,143
78,25,40,0.033560682,3.890625,150
78,32,32,0.039943069,4.797672749,166
78,40,25,0.052426115,6.055583477,176
78,50,20,0.065534554,7.487706184,181
78,64,16,0.085308455,9.294621468,212
78,100,10,0.123547882,14.65165901,245
78,125,8,0.143642575,18.22870827,271
78,200,5,0.199213192,28.93084335,339
78,250,4,0.248856097,36.06123734,389
78,500,2,0.480536073,71.67438507,599
78,1000,1,1.036766648,142.8571472,999
79,1,1000,3.16E-16,0.256069511,0
79,2,500,0.001319822,0.447480053,47
79,4,250,0.003577237,0.781477451,83
79,8,125,0.006313191,1.398864388,108
79,10,100,0.007952644,1.703184366,123
79,16,63,0.013750027,2.565796614,139
79,20,50,0.017723234,3.170376778,154
79,25,40,0.022663351,3.892040253,164
79,32,32,0.032004572,4.787407875,172
79,40,25,0.034954086,6.05104351,183
79,50,20,0.039475374,7.486680508,197
79,64,16,0.045507591,9.28018856,210
79,100,10,0.074410625,14.64644146,245
79,125,8,0.095144741,18.21648026,268
79,200,5,0.183871374,28.92621803,341
79,250,4,0.245295867,36.04751205,384
79,500,2,0.506825745,71.65442657,598
79,1000,1,1.005949855,142.8571472,999
80,1,1000,3.93E-16,0.252061754,0
80,2,500,0.001385954,0.440589935,47
80,4,250,0.00332063,0.776527345,80
80,8,125,0.006439998,1.393997908,106
80,10,100,0.007293105,1.696511984,112
80,16,63,0.014930354,2.564950705,133
80,20,50,0.033548892,3.161917448,139
80,25,40,0.036469612,3.893983364,156
80,32,32,0.043208279,4.799492836,175
80,40,25,0.055174712,6.067500114,194
80,50,20,0.065965287,7.497448921,199
80,64,16,0.087410472,9.295942307,221
80,100,10,0.128270343,14.67003918,261
80,125,8,0.146338418,18.21972275,277
80,200,5,0.226800099,28.9382534,351
80,250,4,0.284135073,36.03706741,384
80,500,2,0.481099576,71.65597534,592
80,1000,1,0.937723756,142.8571472,999
81,1,1000,2.89E-16,0.258274764,0
81,2,500,0.004009621,0.449479491,42
81,4,250,0.005777975,0.783594549,80
81,8,125,0.014946834,1.403406024,106
81,10,100,0.019330028,1.70362258,123
81,16,63,0.026012458,2.565701246,139
81,20,50,0.047486022,3.168272972,156
81,25,40,0.055501241,3.893380642,167
81,32,32,0.062399469,4.792744637,171
81,40,25,0.074987188,6.056871891,188
81,50,20,0.081526697,7.488126278,197
81,64,16,0.094421238,9.278623581,211
81,100,10,0.119743869,14.63969135,244
81,125,8,0.151139393,18.20529556,272
81,200,5,0.226381555,28.91556931,339
81,250,4,0.26979515,36.0388031,382
81,500,2,0.515196741,71.68748474,615
81,1000,1,1.043824434,142.8571472,999
82,1,1000,3.81E-16,0.259213358,0
82,2,500,0.001921188,0.449763864,50
82,4,250,0.005796985,0.786944807,82
82,8,125,0.01011474,1.402362585,112
82,10,100,0.012179385,1.703333139,123
82,16,63,0.021130322,2.573165894,146
82,20,50,0.032625224,3.165474176,155
82,25,40,0.040445309,3.891713619,167
82,32,32,0.047184203,4.801881313,178
82,40,25,0.062735692,6.05366087,189
82,50,20,0.071846925,7.485063076,201
82,64,16,0.086951606,9.275979996,216
82,100,10,0.139307365,14.64400959,250
82,125,8,0.162079066,18.20980263,275
82,200,5,0.236176446,28.92383385,348
82,250,4,0.286431074,36.05448532,396
82,500,2,0.554886878,71.68852997,613
82,1000,1,1.051455379,142.8571472,999
83,1,1000,3.58E-16,0.253358006,0
83,2,500,0.004607861,0.442332149,45
83,4,250,0.006516304,0.778089345,85
83,8,125,0.013963636,1.395162702,107
83,10,100,0.017559381,1.694839478,121
83,16,63,0.025663624,2.555664539,137
83,20,50,0.027897608,3.160412073,149
83,25,40,0.03238076,3.884678364,156
83,32,32,0.040658303,4.790211678,172
83,40,25,0.046605177,6.05024004,188
83,50,20,0.054367583,7.487162113,193
83,64,16,0.071845569,9.273302078,212
83,100,10,0.117695779,14.63863945,252
83,125,8,0.146574706,18.20922661,280
83,200,5,0.212816209,28.89575577,344
83,250,4,0.2716676,36.03442383,398
83,500,2,0.494061112,71.65654755,597
83,1000,1,0.962815106,142.8571472,999
84,1,1000,3.12E-16,0.260153174,0
84,2,500,0.002129212,0.450146109,35
84,4,250,0.007619943,0.780668437,74
84,8,125,0.017266253,1.391413093,91
84,10,100,0.018131102,1.691453457,105
84,16,63,0.023670301,2.551675081,117
84,20,50,0.025200291,3.156168461,129
84,25,40,0.031218512,3.88045311,139
84,32,32,0.038898099,4.779345512,149
84,40,25,0.045983478,6.036087513,159
84,50,20,0.049957428,7.480437279,169
84,64,16,0.06458196,9.266840935,185
84,100,10,0.10089542,14.63352203,219
84,125,8,0.125286117,18.19965744,245
84,200,5,0.194794416,28.89886856,313
84,250,4,0.255176783,36.03171158,360
84,500,2,0.497830153,71.65522766,581
84,1000,1,1.009397388,142.8571472,999
85,1,1000,2.99E-16,0.257687479,0
85,2,500,0.001454552,0.448709965,48
85,4,250,0.004083817,0.779854476,74
85,8,125,0.008944689,1.395388842,114
85,10,100,0.01084693,1.696822047,126
85,16,63,0.012609562,2.561991215,146
85,20,50,0.014703988,3.159009457,153
85,25,40,0.016057158,3.889195204,164
85,32,32,0.019307822,4.788388729,169
85,40,25,0.021688094,6.041104317,175
85,50,20,0.031758297,7.485531807,192
85,64,16,0.046817075,9.274547577,210
85,100,10,0.084787458,14.62790394,242
85,125,8,0.112987548,18.19635582,271
85,200,5,0.184584066,28.89335632,335
85,250,4,0.247371569,36.02759171,378
85,500,2,0.499179542,71.64491272,590
85,1000,1,1.009924531,142.8571472,999
86,1,1000,3.97E-16,0.263170719,0
86,2,500,0.001773186,0.455694109,55
86,4,250,0.004061014,0.7919361,82
86,8,125,0.010408086,1.410539746,104
86,10,100,0.015028941,1.711908579,115
86,16,63,0.01870122,2.57540226,124
86,20,50,0.020532412,3.177234173,137
86,25,40,0.025954235,3.904087067,142
86,32,32,0.033410862,4.810484409,158
86,40,25,0.04432448,6.0706563,172
86,50,20,0.057116717,7.512392521,183
86,64,16,0.076637782,9.292736053,195
86,100,10,0.109015644,14.66902733,233
86,125,8,0.125146791,18.23388672,258
86,200,5,0.222515538,28.95824242,335
86,250,4,0.279728502,36.06987381,375
86,500,2,0.587397516,71.65427399,576
86,1000,1,1.106180191,142.8571472,999
87,1,1000,2.83E-16,0.256802589,0
87,2,500,0.002398389,0.446629524,53
87,4,250,0.006007889,0.778472841,92
87,8,125,0.009185872,1.39419508,116
87,10,100,0.013094307,1.694710732,127
87,16,63,0.024098966,2.560721159,138
87,20,50,0.028093597,3.159303904,151
87,25,40,0.037625398,3.885379076,157
87,32,32,0.0496043,4.786617756,162
87,40,25,0.060871061,6.042928696,177
87,50,20,0.06692218,7.483711243,189
87,64,16,0.080006547,9.27927494,215
87,100,10,0.109466434,14.65311146,250
87,125,8,0.127249166,18.23207283,274
87,200,5,0.212055251,28.92951012,341
87,250,4,0.256951779,36.05918121,390
87,500,2,0.496649981,71.67687988,593
87,1000,1,0.99869293,142.8571472,999
88,1,1000,4.41E-16,0.256129175,0
88,2,500,0.001365724,0.4455598,55
88,4,250,0.004543284,0.778395593,88
88,8,125,0.010575536,1.391617537,113
88,10,100,0.016430503,1.69203639,122
88,16,63,0.022551293,2.552890539,142
88,20,50,0.03271471,3.153769493,153
88,25,40,0.039089583,3.874943256,158
88,32,32,0.052824836,4.777509689,172
88,40,25,0.061431747,6.035009861,183
88,50,20,0.072604969,7.467576504,192
88,64,16,0.093652815,9.255848885,206
88,100,10,0.130319595,14.61747932,246
88,125,8,0.154240832,18.18276978,266
88,200,5,0.219594091,28.87715721,326
88,250,4,0.247384638,36.00265121,366
88,500,2,0.496896029,71.65499878,587
88,1000,1,0.983400643,142.8571472,999
89,1,1000,3.17E-16,0.259187222,0
89,2,500,0.002150009,0.448842198,46
89,4,250,0.006426256,0.783862531,82
89,8,125,0.012581324,1.395310044,105
89,10,100,0.014373262,1.696197629,112
89,16,63,0.017733349,2.555101871,125
89,20,50,0.024465187,3.161429167,140
89,25,40,0.032448061,3.883368254,147
89,32,32,0.03987259,4.792430878,158
89,40,25,0.043440018,6.051827908,170
89,50,20,0.054271918,7.488082886,188
89,64,16,0.068925865,9.288414001,208
89,100,10,0.116118722,14.64300251,241
89,125,8,0.143325537,18.22470093,273
89,200,5,0.254703432,28.91133118,341
89,250,4,0.302111268,36.06536102,393
89,500,2,0.544806719,71.69838715,605
89,1000,1,1.026168704,142.8571472,999
90,1,1000,3.04E-16,0.249937952,0
90,2,500,0.001442778,0.436655015,47
90,4,250,0.004708664,0.768017232,85
90,8,125,0.011331226,1.374933481,103
90,10,100,0.014621559,1.671358228,114
90,16,63,0.020266635,2.537265539,128
90,20,50,0.022563318,3.133497715,137
90,25,40,0.024898274,3.858518124,146
90,32,32,0.028935149,4.758061409,155
90,40,25,0.035778023,6.021264553,167
90,50,20,0.050764177,7.457584381,180
90,64,16,0.065665312,9.247644424,194
90,100,10,0.092944257,14.60908318,231
90,125,8,0.125198603,18.17036819,254
90,200,5,0.192541346,28.87286949,322
90,250,4,0.221210018,36.01019287,374
90,500,2,0.400258958,71.62445068,570
90,1000,1,0.876833737,142.8571472,999
91,1,1000,4.04E-16,0.261199415,0
91,2,500,0.002273398,0.451333255,44
91,4,250,0.00526607,0.787282586,79
91,8,125,0.020431792,1.409224749,112
91,10,100,0.023191418,1.704667568,110
91,16,63,0.033856302,2.572884321,134
91,20,50,0.036046151,3.171250582,142
91,25,40,0.038860705,3.894554138,147
91,32,32,0.045531746,4.807677746,165
91,40,25,0.056300834,6.068162918,173
91,50,20,0.067628428,7.504527092,184
91,64,16,0.080750331,9.293622971,198
91,100,10,0.116928943,14.67486095,241
91,125,8,0.147207975,18.2437706,267
91,200,5,0.223089397,28.96467209,339
91,250,4,0.274189144,36.10199738,387
91,500,2,0.556813419,71.70485687,599
91,1000,1,1.084911108,142.8571472,999
92,1,1000,3.73E-16,0.255429417,0
92,2,500,0.001219456,0.444877177,47
92,4,250,0.003475323,0.777751744,80
92,8,125,0.008903187,1.397533417,101
92,10,100,0.019759892,1.695856929,111
92,16,63,0.02620708,2.557007074,132
92,20,50,0.03062694,3.16366601,142
92,25,40,0.037712075,3.889606953,150
92,32,32,0.043401096,4.794620037,164
92,40,25,0.048270229,6.055360794,174
92,50,20,0.059750076,7.488119602,187
92,64,16,0.074755542,9.281774521,203
92,100,10,0.114124864,14.64867878,253
92,125,8,0.131031543,18.22692871,275
92,200,5,0.198397666,28.93285179,360
92,250,4,0.250040323,36.05997467,389
92,500,2,0.492644787,71.69776917,605
92,1000,1,1.000680566,142.8571472,999
93,1,1000,3.07E-16,0.258295953,0
93,2,500,0.001641941,0.448394775,43
93,4,250,0.003982156,0.782368362,73
93,8,125,0.017423786,1.391623855,90
93,10,100,0.019138547,1.694399357,97
93,16,63,0.024887383,2.558871746,113
93,20,50,0.028731449,3.154666424,120
93,25,40,0.035022978,3.880381346,127
93,32,32,0.041385062,4.785610199,138
93,40,25,0.045827962,6.043570518,148
93,50,20,0.05546324,7.484594822,162
93,64,16,0.065130003,9.270247459,173
93,100,10,0.110083543,14.63563251,216
93,125,8,0.13420254,18.19770432,240
93,200,5,0.225848109,28.91087914,311
93,250,4,0.280546755,36.02616501,349
93,500,2,0.57113713,71.62888336,567
93,1000,1,1.005718827,142.8571472,999
94,1,1000,4.51E-16,0.255234301,0
94,2,500,0.001263352,0.444402605,45
94,4,250,0.006461161,0.776955783,76
94,8,125,0.011587194,1.388916254,95
94,10,100,0.01260591,1.690053225,105
94,16,63,0.017224969,2.558508396,127
94,20,50,0.024162153,3.160805702,134
94,25,40,0.027257485,3.892283201,139
94,32,32,0.033701248,4.796198368,161
94,40,25,0.043420296,6.063699245,172
94,50,20,0.047837514,7.484902859,173
94,64,16,0.06836234,9.291976929,200
94,100,10,0.121793367,14.64014912,227
94,125,8,0.147599339,18.22067833,253
94,200,5,0.241485059,28.91645813,329
94,250,4,0.286096364,36.04759598,374
94,500,2,0.536945641,71.66100311,584
94,1000,1,0.973472059,142.8571472,999
95,1,1000,3.52E-16,0.257987231,0
95,2,500,0.001417011,0.447892815,45
95,4,250,0.009327728,0.782372057,72
95,8,125,0.016076956,1.398432016,98
95,10,100,0.017316701,1.69880259,112
95,16,63,0.026132923,2.56735158,128
95,20,50,0.031491466,3.167141676,134
95,25,40,0.036449526,3.892105103,145
95,32,32,0.041859955,4.797177792,153
95,40,25,0.051670831,6.060252666,169
95,50,20,0.057998527,7.497958183,180
95,64,16,0.079050094,9.281285286,193
95,100,10,0.122941837,14.64438915,233
95,125,8,0.153822362,18.21650505,262
95,200,5,0.248965889,28.9244957,338
95,250,4,0.294002265,36.05755997,391
95,500,2,0.527186573,71.67441559,597
95,1000,1,1.024262786,142.8571472,999
96,1,1000,2.82E-16,0.25679484,0
96,2,500,0.003063121,0.447211355,45
96,4,250,0.005604698,0.779839754,78
96,8,125,0.016610123,1.39447093,111
96,10,100,0.018069301,1.693234921,117
96,16,63,0.026351681,2.558104515,136
96,20,50,0.028104099,3.159666777,139
96,25,40,0.037475366,3.880343914,153
96,32,32,0.051751152,4.782398224,164
96,40,25,0.062635414,6.047683716,176
96,50,20,0.078282237,7.47738409,191
96,64,16,0.089218237,9.271336555,201
96,100,10,0.113966115,14.63245678,243
96,125,8,0.150790825,18.20482063,269
96,200,5,0.236020178,28.90772629,332
96,250,4,0.28008914,36.04912949,375
96,500,2,0.534241498,71.65368652,594
96,1000,1,1.001074553,142.8571472,999
97,1,1000,2.82E-16,0.262082189,0
97,2,500,0.002302526,0.451600015,37
97,4,250,0.008342022,0.787640035,70
97,8,125,0.017975591,1.404333711,97
97,10,100,0.018896369,1.706582665,106
97,16,63,0.026051095,2.574173689,126
97,20,50,0.02886961,3.174771309,137
97,25,40,0.030668955,3.899181366,142
97,32,32,0.041053459,4.802259445,157
97,40,25,0.048997123,6.054188251,165
97,50,20,0.054059699,7.491175652,176
97,64,16,0.073506728,9.287817955,195
97,100,10,0.119869843,14.65543842,235
97,125,8,0.160582989,18.23535728,260
97,200,5,0.24449493,28.95113182,329
97,250,4,0.28889665,36.07515717,367
97,500,2,0.577414453,71.70360565,587
97,1000,1,1.073939204,142.8571472,999
98,1,1000,4.35E-16,0.254415751,0
98,2,500,0.001571365,0.442175776,45
98,4,250,0.003746997,0.774207473,76
98,8,125,0.009471979,1.390109897,99
98,10,100,0.010136137,1.690765023,112
98,16,63,0.018236984,2.553541183,131
98,20,50,0.019682478,3.156059504,132
98,25,40,0.02260495,3.882784605,141
98,32,32,0.03405885,4.783333302,156
98,40,25,0.03906104,6.054478645,169
98,50,20,0.044815812,7.486148834,180
98,64,16,0.055628154,9.275338173,200
98,100,10,0.077615216,14.6538744,236
98,125,8,0.114678293,18.22358704,266
98,200,5,0.18302156,28.93129349,341
98,250,4,0.231319979,36.04273987,381
98,500,2,0.477878869,71.69194031,604
98,1000,1,0.978992939,142.8571472,999
99,1,1000,3.21E-16,0.257000685,0
99,2,500,0.008310365,0.447732419,47
99,4,250,0.01137147,0.783877075,78
99,8,125,0.018285539,1.40014267,111
99,10,100,0.019056154,1.698779702,114
99,16,63,0.035175808,2.561495066,133
99,20,50,0.043719176,3.161704302,141
99,25,40,0.045714311,3.886534214,148
99,32,32,0.063373469,4.785665035,158
99,40,25,0.070315726,6.04784441,178
99,50,20,0.088610969,7.477916718,183
99,64,16,0.103277892,9.26812458,202
99,100,10,0.140830487,14.63380718,241
99,125,8,0.173441038,18.2057724,268
99,200,5,0.274032563,28.88847733,329
99,250,4,0.311208934,36.03401184,382
99,500,2,0.531549215,71.68210602,609
99,1000,1,1.015741825,142.8571472,999
