model,layer,tensor_key,rows,columns,num_weights,minimum,maximum,mean,std,max_abs,max_to_std,skewness,pearson_kurtosis,excess_kurtosis,abs_percentile_99,abs_percentile_99_9,abs_percentile_99_99,count_above_5_std,percent_above_5_std,count_above_10_std,percent_above_10_std,count_above_20_std,percent_above_20_std,global_int8_scale,global_int8_mse,global_int8_zeroed_values,global_int8_zeroed_percent,global_int4_scale,global_int4_mse,global_int4_zeroed_values,global_int4_zeroed_percent,grouped_int4_group_size,grouped_int4_number_of_scales,grouped_int4_average_scale,grouped_int4_maximum_scale,grouped_int4_mse,grouped_int4_zeroed_values,grouped_int4_zeroed_percent,int4_to_int8_mse_ratio,grouped_vs_global_int4_mse_improvement,grouped_int4_zeroed_point_reduction
TinyLlama/TinyLlama-1.1B-Chat-v1.0,0,model.layers.0.self_attn.q_proj.weight,2048,2048,4194304,-1.5859375,1.03125,-7.4533109000185505e-06,0.016398850828409195,1.5859375,96.71028272618584,-0.18992672860622406,145.24032592773438,142.24032592773438,0.0595703125,0.13671875,0.30078125,17573,0.4189729690551758,2554,0.06089210510253906,330,0.007867813110351562,0.01248769648373127,1.0891404599533416e-05,2449570,58.402299880981445,0.2265625,0.00021798070520162582,4187255,99.83193874359131,64,65536,0.007999615743756294,0.2265625,7.368383194261696e-06,1649900,39.3366813659668,20.014012261647505,29.583247702343098,60.49525737762451
TinyLlama/TinyLlama-1.1B-Chat-v1.0,1,model.layers.1.self_attn.q_proj.weight,2048,2048,4194304,-0.6015625,0.546875,3.425379873078782e-06,0.02935442142188549,0.6015625,20.493079776782753,-0.01039035338908434,7.965930938720703,4.965930938720703,0.09521484375,0.1591796875,0.24609375,6225,0.14841556549072266,157,0.0037431716918945312,1,2.384185791015625e-05,0.004736712668091059,1.8376010757492622e-06,559082,13.329553604125977,0.0859375,0.0004140672681387514,3693273,88.0544900894165,64,65536,0.011898594908416271,0.0859375,1.342291034234222e-05,994809,23.71809482574463,225.33033616663502,30.84780107877105,64.33639526367188
TinyLlama/TinyLlama-1.1B-Chat-v1.0,2,model.layers.2.self_attn.q_proj.weight,2048,2048,4194304,-0.490234375,0.50390625,2.9561098926933482e-05,0.032213520258665085,0.50390625,15.64269430828364,-0.005343502387404442,4.8707194328308105,1.8707194328308105,0.09521484375,0.1416015625,0.20703125,1857,0.044274330139160156,43,0.0010251998901367188,0,0.0,0.003967765718698502,1.3124360975780291e-06,245740,5.858898162841797,0.0719866082072258,0.00038253216189332306,3241675,77.28755474090576,64,65536,0.011853517033159733,0.0719866082072258,1.3275352102937177e-05,656758,15.658330917358398,291.46726655815723,28.815217775556228,61.62922382354736
TinyLlama/TinyLlama-1.1B-Chat-v1.0,3,model.layers.3.self_attn.q_proj.weight,2048,2048,4194304,-0.271484375,0.328125,-1.785152380762156e-05,0.02706318162381649,0.328125,12.124405938703054,0.0022050964180380106,4.245438575744629,1.245438575744629,0.07861328125,0.111328125,0.1533203125,1010,0.024080276489257812,8,0.00019073486328125,0,0.0,0.002583661349490285,5.55818132852437e-07,190974,4.55317497253418,0.046875,0.0001742444874253124,2763851,65.89534282684326,64,65536,0.009978372603654861,0.046875,9.187158866552636e-06,658298,15.695047378540039,313.49190882113993,18.96609060061845,50.20029544830322
TinyLlama/TinyLlama-1.1B-Chat-v1.0,4,model.layers.4.self_attn.q_proj.weight,2048,2048,4194304,-0.3203125,0.322265625,8.574179446441121e-06,0.026049179956316948,0.322265625,12.371430714533888,0.0003006748156622052,4.201834201812744,1.2018342018127441,0.07421875,0.1044921875,0.15234375,963,0.02295970916748047,24,0.00057220458984375,0,0.0,0.0025375245604664087,5.364373691918445e-07,190930,4.552125930786133,0.0460379458963871,0.0001686888572294265,2773411,66.12327098846436,64,65536,0.009704571217298508,0.0460379458963871,8.605029506725259e-06,662981,15.8066987991333,314.4614206940136,19.60351874419347,50.316572189331055
TinyLlama/TinyLlama-1.1B-Chat-v1.0,5,model.layers.5.self_attn.q_proj.weight,2048,2048,4194304,-0.234375,0.287109375,-2.1623069187626243e-05,0.027067216113209724,0.287109375,10.60727389913885,0.0010536120971664786,3.955660581588745,0.9556605815887451,0.0771484375,0.107421875,0.1416015625,607,0.014472007751464844,2,4.76837158203125e-05,0,0.0,0.0022607038263231516,4.2627362972780247e-07,166250,3.9637088775634766,0.041015625,0.0001356566499453038,2499896,59.60216522216797,64,65536,0.009961308911442757,0.041015625,8.999358215078246e-06,654433,15.602898597717285,318.23842828825116,15.074036026037254,43.999266624450684
TinyLlama/TinyLlama-1.1B-Chat-v1.0,6,model.layers.6.self_attn.q_proj.weight,2048,2048,4194304,-0.333984375,0.32421875,9.297318683820777e-06,0.02633778192102909,0.333984375,12.68080873330241,0.002547575393691659,4.74592924118042,1.74592924118042,0.07861328125,0.1142578125,0.1611328125,1570,0.03743171691894531,16,0.0003814697265625,0,0.0,0.002629798138514161,5.764541697317327e-07,214415,5.112051963806152,0.0477120541036129,0.00017368016415275633,2893067,68.97609233856201,64,65536,0.009585623629391193,0.0477120541036129,8.763096957409289e-06,662095,15.785574913024902,301.2904984859121,19.819495892477597,53.19051742553711
TinyLlama/TinyLlama-1.1B-Chat-v1.0,7,model.layers.7.self_attn.q_proj.weight,2048,2048,4194304,-0.48046875,0.5703125,-2.0864459656877443e-05,0.026581337675452232,0.5703125,21.455372448267774,0.002894144970923662,7.594993591308594,4.594993591308594,0.08154296875,0.1376953125,0.228515625,4891,0.11661052703857422,199,0.004744529724121094,3,7.152557373046875e-05,0.004490649793297052,1.6791610732980189e-06,358585,8.549332618713379,0.0814732164144516,0.00038701508310623467,3733442,89.01219367980957,64,65536,0.009448511525988579,0.0814732164144516,9.027024134411477e-06,647810,15.44499397277832,230.48121425665454,42.87294210623781,73.56719970703125
TinyLlama/TinyLlama-1.1B-Chat-v1.0,8,model.layers.8.self_attn.q_proj.weight,2048,2048,4194304,-0.3984375,0.453125,-3.220986036467366e-05,0.02727973274886608,0.453125,16.610316683503243,-0.003863636404275894,4.896101951599121,1.896101951599121,0.08203125,0.1171875,0.1669921875,1406,0.03352165222167969,38,0.0009059906005859375,0,0.0,0.0035679133143275976,1.060177737599588e-06,298000,7.1048736572265625,0.0647321417927742,0.00028561934595927596,3339435,79.61833477020264,64,65536,0.010011749342083931,0.0647321417927742,9.644063538871706e-06,690680,16.46709442138672,269.4070398101019,29.616078824869668,63.15124034881592
TinyLlama/TinyLlama-1.1B-Chat-v1.0,9,model.layers.9.self_attn.q_proj.weight,2048,2048,4194304,-0.390625,0.345703125,3.7268700907588936e-06,0.026592902839183807,0.390625,14.689069574774903,-2.427829895168543e-05,4.389422416687012,1.3894224166870117,0.0771484375,0.11083984375,0.1552734375,1164,0.027751922607421875,16,0.0003814697265625,0,0.0,0.0030757873319089413,7.879735903770779e-07,227118,5.414915084838867,0.0558035708963871,0.00023803026124369353,3107176,74.08084869384766,64,65536,0.009721823036670685,0.0558035708963871,8.74702527653426e-06,647538,15.438508987426758,302.0789835478956,27.212709889184833,58.6423397064209
TinyLlama/TinyLlama-1.1B-Chat-v1.0,10,model.layers.10.self_attn.q_proj.weight,2048,2048,4194304,-0.341796875,0.41796875,1.657176107983105e-05,0.026815563440322876,0.41796875,15.586797231770841,0.00021683273371309042,4.659302711486816,1.6593027114868164,0.07763671875,0.11669921875,0.173828125,1939,0.04622936248779297,21,0.0005006790161132812,0,0.0,0.0032910925801843405,9.031887771016045e-07,242695,5.786299705505371,0.0597098208963871,0.00026533592608757317,3214838,76.6477108001709,64,65536,0.009801344946026802,0.0597098208963871,8.956261808634736e-06,647984,15.449142456054688,293.77681921497583,29.625744731106753,61.19856834411621
TinyLlama/TinyLlama-1.1B-Chat-v1.0,11,model.layers.11.self_attn.q_proj.weight,2048,2048,4194304,-0.392578125,0.37109375,1.3490542187355459e-05,0.02556460350751877,0.392578125,15.356315809261012,-0.004409184679389,5.930461883544922,2.930461883544922,0.0791015625,0.1259765625,0.185546875,3980,0.09489059448242188,45,0.0010728836059570312,0,0.0,0.0030911662615835667,7.959743015817367e-07,268924,6.411647796630859,0.0560825876891613,0.00022363470634445548,3257561,77.6663064956665,64,65536,0.009205982089042664,0.0560825876891613,8.431439709966071e-06,662640,15.798568725585938,280.95719409540635,26.52390505504254,61.867737770080566
TinyLlama/TinyLlama-1.1B-Chat-v1.0,12,model.layers.12.self_attn.q_proj.weight,2048,2048,4194304,-0.283203125,0.416015625,-1.923824856930878e-05,0.025878682732582092,0.416015625,16.07561054397189,0.0009782712440937757,4.44011116027832,1.4401111602783203,0.07568359375,0.11083984375,0.1513671875,1429,0.03407001495361328,12,0.000286102294921875,0,0.0,0.003275713650509715,8.945949048211332e-07,246239,5.870795249938965,0.0594308041036129,0.0002615624398458749,3269178,77.94327735900879,64,65536,0.009441404603421688,0.0594308041036129,8.26773339213105e-06,643225,15.335679054260254,292.3808736627805,31.636535364677005,62.607598304748535
TinyLlama/TinyLlama-1.1B-Chat-v1.0,13,model.layers.13.self_attn.q_proj.weight,2048,2048,4194304,-0.443359375,0.345703125,6.990097972447984e-06,0.02542901039123535,0.443359375,17.435180063193226,-0.000792717095464468,4.349974632263184,1.3499746322631836,0.07421875,0.1064453125,0.1416015625,1047,0.024962425231933594,15,0.00035762786865234375,0,0.0,0.0034910186659544706,1.0156941243621986e-06,268278,6.396245956420898,0.0633370503783226,0.00028582377126440406,3396437,80.97736835479736,64,65536,0.009284472092986107,0.0633370503783226,7.973819265316706e-06,643993,15.353989601135254,281.4073296366522,35.845278373393334,65.62337875366211
TinyLlama/TinyLlama-1.1B-Chat-v1.0,14,model.layers.14.self_attn.q_proj.weight,2048,2048,4194304,-0.53125,0.423828125,-2.3278775188373402e-05,0.025603653863072395,0.53125,20.748991641627,0.0017683887854218483,5.266574382781982,2.2665743827819824,0.07666015625,0.115234375,0.1689453125,2192,0.0522613525390625,51,0.0012159347534179688,1,2.384185791015625e-05,0.004183070734143257,1.4583941947421408e-06,333860,7.959842681884766,0.0758928582072258,0.0003574062429834157,3671521,87.53588199615479,64,65536,0.009293025359511375,0.0758928582072258,8.316754247061908e-06,648886,15.470647811889648,245.06833904848946,42.97424600584753,72.06523418426514
TinyLlama/TinyLlama-1.1B-Chat-v1.0,15,model.layers.15.self_attn.q_proj.weight,2048,2048,4194304,-0.435546875,0.37890625,-4.221968993078917e-05,0.02596469782292843,0.435546875,16.77457900609131,-0.024953529238700867,6.039120197296143,3.0391201972961426,0.080078125,0.12255859375,0.1962890625,3025,0.07212162017822266,116,0.002765655517578125,0,0.0,0.003429502947255969,9.804771252674982e-07,295577,7.047104835510254,0.0622209832072258,0.00026353501016274095,3388232,80.78174591064453,64,65536,0.009409742429852486,0.0622209832072258,8.994463314593304e-06,662113,15.786004066467285,268.7824155926556,29.299692593682785,64.99574184417725
TinyLlama/TinyLlama-1.1B-Chat-v1.0,16,model.layers.16.self_attn.q_proj.weight,2048,2048,4194304,-0.427734375,0.51953125,-1.779821286618244e-05,0.026472825556993484,0.51953125,19.625077379122168,0.001786459470167756,5.580320835113525,2.5803208351135254,0.08056640625,0.123046875,0.17919921875,2666,0.06356239318847656,68,0.001621246337890625,0,0.0,0.004090797156095505,1.3943503063273965e-06,322440,7.687568664550781,0.07421875,0.00035112490877509117,3609984,86.0687255859375,64,65536,0.00967218168079853,0.07421875,9.150181540462654e-06,662281,15.790009498596191,251.8197236244923,38.3735456200946,70.27871608734131
TinyLlama/TinyLlama-1.1B-Chat-v1.0,17,model.layers.17.self_attn.q_proj.weight,2048,2048,4194304,-0.51171875,0.42578125,1.0412741175969131e-06,0.024338264018297195,0.51171875,21.025277300603545,-0.0024406437296420336,4.817820072174072,1.8178200721740723,0.072265625,0.10498046875,0.1474609375,1526,0.03638267517089844,38,0.0009059906005859375,1,2.384185791015625e-05,0.004029281437397003,1.3526694147003582e-06,349031,8.321547508239746,0.0731026753783226,0.00032775680301710963,3668866,87.47258186340332,64,65536,0.008842775598168373,0.0731026753783226,7.492601980629843e-06,650804,15.516376495361328,242.30369922995115,43.744056319078325,71.95620536804199
TinyLlama/TinyLlama-1.1B-Chat-v1.0,18,model.layers.18.self_attn.q_proj.weight,2048,2048,4194304,-0.435546875,0.380859375,2.0295925423852168e-05,0.025077708065509796,0.435546875,17.367889994661116,-0.010356996208429337,4.873257160186768,1.8732571601867676,0.0751953125,0.10986328125,0.15234375,1616,0.0385284423828125,26,0.0006198883056640625,0,0.0,0.003429502947255969,9.802704425965203e-07,282669,6.739354133605957,0.0622209832072258,0.000266590213868767,3412177,81.35263919830322,64,65536,0.009126921184360981,0.0622209832072258,7.99308418208966e-06,652618,15.559625625610352,271.9557810624467,33.352609305194555,65.79301357269287
TinyLlama/TinyLlama-1.1B-Chat-v1.0,19,model.layers.19.self_attn.q_proj.weight,2048,2048,4194304,-0.484375,0.53515625,-3.186996764270589e-07,0.024235565215349197,0.53515625,22.081442922613068,0.007196768186986446,5.205191135406494,2.205191135406494,0.07177734375,0.1064453125,0.15234375,1716,0.040912628173828125,55,0.0013113021850585938,1,2.384185791015625e-05,0.004213828593492508,1.4801398720010184e-06,361005,8.607029914855957,0.0764508917927742,0.0003453535900916904,3736562,89.08658027648926,64,65536,0.008850568905472755,0.0764508917927742,7.545984772150405e-06,653782,15.587377548217773,233.32496923064633,45.766536843046644,73.49920272827148
TinyLlama/TinyLlama-1.1B-Chat-v1.0,20,model.layers.20.self_attn.q_proj.weight,2048,2048,4194304,-0.498046875,0.625,4.058656486449763e-06,0.024732667952775955,0.625,25.27022160299738,-0.012416710145771503,4.934689044952393,1.9346890449523926,0.0712890625,0.1025390625,0.16259765625,1480,0.03528594970703125,63,0.0015020370483398438,2,4.76837158203125e-05,0.0049212598241865635,2.0166901322227204e-06,406991,9.703421592712402,0.0892857164144516,0.00043000749428756535,3879313,92.49002933502197,64,65536,0.009204096160829067,0.0892857164144516,8.04696355771739e-06,659138,15.71507453918457,213.22437563257532,53.43723644369799,76.7749547958374
TinyLlama/TinyLlama-1.1B-Chat-v1.0,21,model.layers.21.self_attn.q_proj.weight,2048,2048,4194304,-0.54296875,0.50390625,-4.349285518401302e-06,0.023812955245375633,0.54296875,22.801401355064574,0.0019344203174114227,5.822810173034668,2.822810173034668,0.06787109375,0.10205078125,0.177734375,1986,0.04734992980957031,138,0.0032901763916015625,3,7.152557373046875e-05,0.0042753443121910095,1.523985929452465e-06,360265,8.589386940002441,0.0775669664144516,0.00035954592749476433,3772966,89.95451927185059,64,65536,0.009002696722745895,0.0775669664144516,7.860634468670469e-06,665717,15.871930122375488,235.92470281135823,45.74006448560598,74.0825891494751
