model,layer,matrix_type,tensor_key,rows,columns,num_weights,minimum,maximum,mean,std,max_abs,max_to_std,skewness,pearson_kurtosis,excess_kurtosis,abs_percentile_99,abs_percentile_99_9,abs_percentile_99_99,percent_above_5_std,percent_above_10_std,percent_above_20_std,global_int8_scale,global_int8_mse,global_int8_zeroed_percent,global_int4_scale,global_int4_mse,global_int4_zeroed_percent,grouped_int4_group_size,grouped_int4_number_of_scales,grouped_int4_average_scale,grouped_int4_maximum_scale,grouped_int4_mse,grouped_int4_zeroed_percent,int4_to_int8_mse_ratio,grouped_vs_global_int4_mse_improvement,grouped_int4_zeroed_point_reduction
TinyLlama/TinyLlama-1.1B-Chat-v1.0,0,down_proj,model.layers.0.mlp.down_proj.weight,2048,5632,11534336,-0.5234375,0.4140625,3.699605940710171e-06,0.016641786321997643,0.5234375,31.453203993378022,-0.014606348238885403,4.777334690093994,1.7773346900939941,0.0439453125,0.0625,0.11181640625,0.028176741166548294,0.002366846257990057,0.00011270696466619319,0.0041215550154447556,1.4164344293021713e-06,10.212274031205611,0.0747767835855484,0.00024673083680681884,97.46080745350231,64,180224,0.006340248975902796,0.0747767835855484,3.549210077835596e-06,15.459043329412287,174.191499234013,69.51711265208678,82.00176412409003
TinyLlama/TinyLlama-1.1B-Chat-v1.0,0,gate_proj,model.layers.0.mlp.gate_proj.weight,5632,2048,11534336,-0.494140625,0.296875,-1.9800017980742268e-05,0.01655183546245098,0.494140625,29.854128632500803,0.003153868718072772,4.574677467346191,1.5746774673461914,0.044189453125,0.06494140625,0.1171875,0.03842440518465909,0.0019333579323508523,3.467906605113637e-05,0.0038908710703253746,1.2613746775969048e-06,9.73756963556463,0.0705915167927742,0.00023547840828541666,96.60261327570134,64,180224,0.006315198726952076,0.0705915167927742,3.5447810660116374e-06,15.537079897793857,186.68395082580537,66.42960563721415,81.06553337790749
TinyLlama/TinyLlama-1.1B-Chat-v1.0,0,k_proj,model.layers.0.self_attn.k_proj.weight,256,2048,524288,-3.109375,1.1796875,-9.894888353301212e-05,0.03176126256585121,3.109375,97.89834373092931,-2.8520212173461914,300.17486572265625,297.17486572265625,0.1259765625,0.30078125,0.541259765625,0.579833984375,0.0858306884765625,0.00438690185546875,0.024483267217874527,3.8571110053453594e-05,67.17205047607422,0.4441964328289032,0.0007741155568510294,99.75242614746094,64,8192,0.01749119907617569,0.4441964328289032,3.220693179173395e-05,49.4659423828125,20.069828319128614,24.035681568702223,50.28648376464844
TinyLlama/TinyLlama-1.1B-Chat-v1.0,0,o_proj,model.layers.0.self_attn.o_proj.weight,2048,2048,4194304,-0.341796875,0.380859375,1.0502305940462975e-06,0.008300107903778553,0.380859375,45.886075146880565,0.03953051194548607,55.198246002197266,52.198246002197266,0.0264892578125,0.051025390625,0.1298828125,0.1750946044921875,0.030803680419921875,0.005626678466796875,0.0029988926835358143,7.499141929656616e-07,21.66297435760498,0.0544084832072258,5.5371921916957945e-05,99.0990400314331,64,65536,0.002935408614575863,0.0544084832072258,1.005986746349663e-06,17.81489849090576,73.83767694538541,55.04239704735797,81.28414154052734
TinyLlama/TinyLlama-1.1B-Chat-v1.0,0,q_proj,model.layers.0.self_attn.q_proj.weight,2048,2048,4194304,-1.5859375,1.03125,-7.4533109000185505e-06,0.016398850828409195,1.5859375,96.71028272618584,-0.18992672860622406,145.24032592773438,142.24032592773438,0.0595703125,0.13671875,0.30078125,0.4189729690551758,0.06089210510253906,0.007867813110351562,0.01248769648373127,1.0891404599533416e-05,58.402299880981445,0.2265625,0.00021798070520162582,99.83193874359131,64,65536,0.007999615743756294,0.2265625,7.368383194261696e-06,39.3366813659668,20.014012261647505,29.583247702343098,60.49525737762451
TinyLlama/TinyLlama-1.1B-Chat-v1.0,0,up_proj,model.layers.0.mlp.up_proj.weight,5632,2048,11534336,-0.162109375,0.1708984375,-7.201819016700028e-07,0.01683666557073593,0.1708984375,10.15037311170694,0.0004980691010132432,3.2439210414886475,0.24392104148864746,0.044189453125,0.05859375,0.078125,0.006753748113458807,8.669766512784092e-06,0.0,0.0013456570450216532,1.511117631025627e-07,3.2774058255282315,0.0244140625,4.9551890697330236e-05,54.016659476540305,64,180224,0.006329841911792755,0.0244140625,3.432100584177533e-06,15.163178877397018,327.9155088919076,14.437773451562412,38.85348059914329
TinyLlama/TinyLlama-1.1B-Chat-v1.0,0,v_proj,model.layers.0.self_attn.v_proj.weight,256,2048,524288,-0.0673828125,0.06201171875,1.1258463018748444e-05,0.011015907861292362,0.0673828125,6.116864206605192,0.004699062090367079,3.8889248371124268,0.8889248371124268,0.031494140625,0.04248046875,0.052001953125,0.0049591064453125,0.0,0.0,0.0005305733066052198,2.345791116908913e-08,2.8421401977539062,0.009626115672290325,7.444320544891525e-06,40.39649963378906,64,8192,0.004273146390914917,0.009626115672290325,1.5743706853754702e-06,20.0775146484375,317.3479723420995,4.72844204610945,20.318984985351562
TinyLlama/TinyLlama-1.1B-Chat-v1.0,1,down_proj,model.layers.1.mlp.down_proj.weight,2048,5632,11534336,-0.57421875,0.51953125,1.818606961023761e-06,0.017109647393226624,0.57421875,33.56110951925999,-0.005086127202957869,4.195329666137695,1.1953296661376953,0.04443359375,0.0595703125,0.09423828125,0.014140389182350853,0.0011877580122514205,6.935813210227273e-05,0.004521407652646303,1.7040000557244639e-06,10.684195431795986,0.08203125,0.00027299654902890325,98.32759336991744,64,180224,0.006440556142479181,0.08203125,3.602924152801279e-06,15.05248329856179,160.20923714866748,75.77082876325554,83.27511007135564
TinyLlama/TinyLlama-1.1B-Chat-v1.0,1,gate_proj,model.layers.1.mlp.gate_proj.weight,5632,2048,11534336,-0.48046875,0.33984375,1.3313402860148926e-06,0.0181332565844059,0.48046875,26.49655056517481,0.0011212121462449431,3.518993616104126,0.518993616104126,0.047119140625,0.062255859375,0.08447265625,0.00720457597212358,0.0006415627219460227,2.6009299538352273e-05,0.003783218562602997,1.1920519682462327e-06,8.43322060324929,0.0686383917927742,0.00026912271277979016,94.1532308405096,64,180224,0.006820386741310358,0.0686383917927742,3.97502208215883e-06,15.08861021562056,225.76424514086253,67.70345100413377,79.06462062488903
TinyLlama/TinyLlama-1.1B-Chat-v1.0,1,k_proj,model.layers.1.self_attn.k_proj.weight,256,2048,524288,-0.62890625,0.671875,-1.1305139196338132e-05,0.0479062981903553,0.671875,14.02477388944372,0.016271747648715973,9.99646282196045,6.996462821960449,0.1640625,0.28515625,0.4488525390625,0.22144317626953125,0.00705718994140625,0.0,0.005290354136377573,2.326537924091099e-06,10.636711120605469,0.0959821417927742,0.0005812174640595913,77.88619995117188,64,8192,0.019931111484766006,0.0959821417927742,4.145828279433772e-05,24.50580596923828,249.82075643003054,14.019332806012233,53.380393981933594
TinyLlama/TinyLlama-1.1B-Chat-v1.0,1,o_proj,model.layers.1.self_attn.o_proj.weight,2048,2048,4194304,-0.515625,0.361328125,-2.0070178834430408e-06,0.013680863194167614,0.515625,37.689507795079756,-0.030745528638362885,7.489809036254883,4.489809036254883,0.037353515625,0.053466796875,0.1015625,0.033545494079589844,0.004100799560546875,0.000476837158203125,0.004060039296746254,1.374014800603618e-06,12.841320037841797,0.0736607164144516,0.00017414585454389453,98.9060640335083,64,65536,0.005048070102930069,0.0736607164144516,2.312823198735714e-06,15.163946151733398,126.74234256238766,75.29579201691247,83.7421178817749
TinyLlama/TinyLlama-1.1B-Chat-v1.0,1,q_proj,model.layers.1.self_attn.q_proj.weight,2048,2048,4194304,-0.6015625,0.546875,3.425379873078782e-06,0.02935442142188549,0.6015625,20.493079776782753,-0.01039035338908434,7.965930938720703,4.965930938720703,0.09521484375,0.1591796875,0.24609375,0.14841556549072266,0.0037431716918945312,2.384185791015625e-05,0.004736712668091059,1.8376010757492622e-06,13.329553604125977,0.0859375,0.0004140672681387514,88.0544900894165,64,65536,0.011898594908416271,0.0859375,1.342291034234222e-05,23.71809482574463,225.33033616663502,30.84780107877105,64.33639526367188
TinyLlama/TinyLlama-1.1B-Chat-v1.0,1,up_proj,model.layers.1.mlp.up_proj.weight,5632,2048,11534336,-0.259765625,0.251953125,-2.8048793865309563e-06,0.01728121004998684,0.259765625,15.031680319179838,-0.0012007231125608087,3.1593618392944336,0.1593618392944336,0.044921875,0.058349609375,0.07373046875,0.0035892833362926135,0.00011270696466619319,0.0,0.0020453985780477524,3.4868892839767796e-07,4.809145493940874,0.037109375,0.00011198534048162401,72.16481295498934,64,180224,0.006495137698948383,0.037109375,3.5773846320807934e-06,15.08106751875444,321.1611593067426,31.30369026505475,57.083745436234906
TinyLlama/TinyLlama-1.1B-Chat-v1.0,1,v_proj,model.layers.1.self_attn.v_proj.weight,256,2048,524288,-0.08984375,0.08837890625,9.306521860708017e-06,0.013356774114072323,0.08984375,6.726455746926433,-0.005648718681186438,3.771761178970337,0.7717611789703369,0.037353515625,0.05126953125,0.0654296875,0.00762939453125,0.0,0.0,0.0007074311142787337,4.1759616209446904e-08,2.7219772338867188,0.012834821827709675,1.343707390333293e-05,41.92848205566406,64,8192,0.00531507283449173,0.012834821827709675,2.423744035695563e-06,19.012451171875,321.77196830398987,5.543932736064176,22.916030883789062
TinyLlama/TinyLlama-1.1B-Chat-v1.0,2,down_proj,model.layers.2.mlp.down_proj.weight,2048,5632,11534336,-0.8359375,0.52734375,5.3819589993509e-06,0.01743481494486332,0.8359375,47.946450974306764,-0.005931444466114044,4.558491230010986,1.5584912300109863,0.045166015625,0.05859375,0.07666015625,0.005826083096590909,0.000762939453125,0.00014738603071732953,0.006582185160368681,3.610295834732824e-06,15.110475366765803,0.1194196417927742,0.00030163346673361957,99.9161113392223,64,180224,0.006520482711493969,0.1194196417927742,3.650585085779312e-06,14.92583534934304,83.54813027557384,82.62606120553635,84.99027598987925
TinyLlama/TinyLlama-1.1B-Chat-v1.0,2,gate_proj,model.layers.2.mlp.gate_proj.weight,5632,2048,11534336,-1.1640625,1.0,-4.5668308302992955e-05,0.018460651859641075,1.1640625,63.05641365486606,-0.045633234083652496,14.800731658935547,11.800731658935547,0.047607421875,0.062255859375,0.11328125,0.013212724165482954,0.004863739013671875,0.00032945112748579544,0.00916584674268961,6.999877314228797e-06,19.998030229048297,0.1662946492433548,0.0003352222847752273,99.98370950872248,64,180224,0.006865828763693571,0.1662946492433548,4.10861002819729e-06,14.958147569136186,47.889737166366324,81.59019290577713,85.0255619395863
TinyLlama/TinyLlama-1.1B-Chat-v1.0,2,k_proj,model.layers.2.self_attn.k_proj.weight,256,2048,524288,-0.66796875,0.56640625,9.293160837842152e-05,0.0541960708796978,0.66796875,12.325040158035247,-0.007069719955325127,5.996622085571289,2.996622085571289,0.16796875,0.26953125,0.408203125,0.09784698486328125,0.000762939453125,0.0,0.005259596277028322,2.3035559024719987e-06,5.141258239746094,0.0954241082072258,0.0006918595172464848,69.26441192626953,64,8192,0.021306946873664856,0.0954241082072258,4.524318501353264e-05,17.496299743652344,300.3441403371346,15.292016179664262,51.76811218261719
TinyLlama/TinyLlama-1.1B-Chat-v1.0,2,o_proj,model.layers.2.self_attn.o_proj.weight,2048,2048,4194304,-0.58984375,0.59765625,-3.4915567539428594e-06,0.014070266857743263,0.59765625,42.476539787238856,-0.03266038000583649,18.464284896850586,15.464284896850586,0.037353515625,0.062255859375,0.1630859375,0.07524490356445312,0.014233589172363281,0.0011682510375976562,0.004705954808741808,1.84604243713693e-06,14.471268653869629,0.0853794664144516,0.0001817148004192859,99.53529834747314,64,65536,0.005073908716440201,0.0853794664144516,2.394777084191446e-06,14.935111999511719,98.43479042719711,75.87963055886625,84.60018634796143
TinyLlama/TinyLlama-1.1B-Chat-v1.0,2,q_proj,model.layers.2.self_attn.q_proj.weight,2048,2048,4194304,-0.490234375,0.50390625,2.9561098926933482e-05,0.032213520258665085,0.50390625,15.64269430828364,-0.005343502387404442,4.8707194328308105,1.8707194328308105,0.09521484375,0.1416015625,0.20703125,0.044274330139160156,0.0010251998901367188,0.0,0.003967765718698502,1.3124360975780291e-06,5.858898162841797,0.0719866082072258,0.00038253216189332306,77.28755474090576,64,65536,0.011853517033159733,0.0719866082072258,1.3275352102937177e-05,15.658330917358398,291.46726655815723,28.815217775556228,61.62922382354736
TinyLlama/TinyLlama-1.1B-Chat-v1.0,2,up_proj,model.layers.2.mlp.up_proj.weight,5632,2048,11534336,-0.4140625,0.34375,-1.6775898075138684e-06,0.01752055063843727,0.4140625,23.63296157437047,-0.003285531885921955,3.294142246246338,0.2941422462463379,0.04541015625,0.05859375,0.07275390625,0.003537264737215909,0.00040747902610085225,1.7339533025568183e-05,0.0032603347208350897,8.857079478730157e-07,7.492464238947088,0.0591517873108387,0.00022719390108250082,90.89237559925427,64,180224,0.006558303255587816,0.0591517873108387,3.648775646070135e-06,14.993476867675781,256.5110786553241,62.26579080771847,75.89889873157848
TinyLlama/TinyLlama-1.1B-Chat-v1.0,2,v_proj,model.layers.2.self_attn.v_proj.weight,256,2048,524288,-0.0712890625,0.068359375,-1.3484113878803328e-05,0.011770629324018955,0.0712890625,6.0565208993990405,-0.0059031108394265175,3.414883613586426,0.4148836135864258,0.031982421875,0.04248046875,0.0518951416015625,0.00095367431640625,0.0,0.0,0.0005613312241621315,2.632155293724736e-08,2.219390869140625,0.01018415205180645,8.538675501768012e-06,36.150550842285156,64,8192,0.004482496064156294,0.01018415205180645,1.7183081126859179e-06,16.729354858398438,324.39862200094655,4.969234236123728,19.42119598388672
TinyLlama/TinyLlama-1.1B-Chat-v1.0,3,down_proj,model.layers.3.mlp.down_proj.weight,2048,5632,11534336,-0.404296875,0.62890625,5.717226486012805e-06,0.017289239913225174,0.62890625,36.37558696371184,0.008614429272711277,3.7536933422088623,0.7536933422088623,0.044921875,0.05859375,0.07666015625,0.0057220458984375,0.00057220458984375,6.068836558948863e-05,0.004952017683535814,2.044262600975344e-06,11.54090707952326,0.08984375,0.0002874408382922411,99.0252668207342,64,180224,0.006468933541327715,0.08984375,3.5807918266073102e-06,14.945741133256393,140.6085686619221,80.27298212545978,84.07952568747781
TinyLlama/TinyLlama-1.1B-Chat-v1.0,3,gate_proj,model.layers.3.mlp.gate_proj.weight,5632,2048,11534336,-0.29296875,0.365234375,-4.7389872634084895e-05,0.018701743334531784,0.365234375,19.529429340718945,0.0005252021946944296,3.224742889404297,0.22474288940429688,0.048583984375,0.0634765625,0.08251953125,0.004681673916903409,0.0003034418279474432,0.0,0.002875861246138811,6.890244890200847e-07,6.197920712557706,0.0521763376891613,0.00020327964739408344,83.81603414362127,64,180224,0.0069749136455357075,0.0521763376891613,4.1396024244022556e-06,14.880561828613281,295.0252866675076,49.10607989689646,68.93547231500798
TinyLlama/TinyLlama-1.1B-Chat-v1.0,3,k_proj,model.layers.3.self_attn.k_proj.weight,256,2048,524288,-0.412109375,0.431640625,7.816925790393725e-05,0.047688115388154984,0.431640625,9.051324873853435,0.003141980152577162,4.531643867492676,1.5316438674926758,0.142578125,0.2021484375,0.275390625,0.030517578125,0.0,0.0,0.0033987450879067183,9.61642285801645e-07,3.5505294799804688,0.0616629458963871,0.00030956268892623484,54.56352233886719,64,8192,0.017806904390454292,0.0616629458963871,2.9804345103912055e-05,16.150665283203125,321.91043748474203,10.386495252519483,38.41285705566406
TinyLlama/TinyLlama-1.1B-Chat-v1.0,3,o_proj,model.layers.3.self_attn.o_proj.weight,2048,2048,4194304,-0.357421875,0.345703125,8.50376545713516e-06,0.014256839640438557,0.357421875,25.07020377687332,0.005707835778594017,4.893642425537109,1.8936424255371094,0.037353515625,0.051513671875,0.09423828125,0.023221969604492188,0.0027179718017578125,0.00019073486328125,0.0028143455274403095,6.608490252801857e-07,8.06877613067627,0.0510602667927742,0.0001563300465932116,92.89016723632812,64,65536,0.005259765777736902,0.0510602667927742,2.410053411949775e-06,14.78583812713623,236.55939649291457,64.86580165322472,78.1043291091919
TinyLlama/TinyLlama-1.1B-Chat-v1.0,3,q_proj,model.layers.3.self_attn.q_proj.weight,2048,2048,4194304,-0.271484375,0.328125,-1.785152380762156e-05,0.02706318162381649,0.328125,12.124405938703054,0.0022050964180380106,4.245438575744629,1.245438575744629,0.07861328125,0.111328125,0.1533203125,0.024080276489257812,0.00019073486328125,0.0,0.002583661349490285,5.55818132852437e-07,4.55317497253418,0.046875,0.0001742444874253124,65.89534282684326,64,65536,0.009978372603654861,0.046875,9.187158866552636e-06,15.695047378540039,313.49190882113993,18.96609060061845,50.20029544830322
TinyLlama/TinyLlama-1.1B-Chat-v1.0,3,up_proj,model.layers.3.mlp.up_proj.weight,5632,2048,11534336,-0.353515625,0.279296875,-3.4109900752810063e-06,0.01739625260233879,0.353515625,20.321366508122132,0.00021853666112292558,3.1701560020446777,0.17015600204467773,0.045166015625,0.05810546875,0.07177734375,0.002973729913884943,0.00024275346235795453,8.669766512784092e-06,0.0027835876680910587,6.457785843849706e-07,6.443613225763494,0.0505022332072258,0.00018630204431246966,85.327486558394,64,180224,0.006512001622468233,0.0505022332072258,3.594408099161228e-06,14.973050897771662,288.4921377346398,51.831077377091404,70.35443566062234
TinyLlama/TinyLlama-1.1B-Chat-v1.0,3,v_proj,model.layers.3.self_attn.v_proj.weight,256,2048,524288,-0.06982421875,0.08349609375,-2.7222963581152726e-06,0.011424141004681587,0.08349609375,7.308741525142546,0.0036271237768232822,3.2499921321868896,0.24999213218688965,0.0303955078125,0.039794921875,0.0482330322265625,0.00095367431640625,0.0,0.0,0.0006574495346285403,3.6040788131685986e-08,2.4999618530273438,0.011928013525903225,1.1761474524973892e-05,41.38145446777344,64,8192,0.004296247381716967,0.011928013525903225,1.5720992223577923e-06,15.853691101074219,326.3378836777866,7.481381809561833,25.52776336669922
TinyLlama/TinyLlama-1.1B-Chat-v1.0,4,down_proj,model.layers.4.mlp.down_proj.weight,2048,5632,11534336,-0.3828125,0.5546875,-1.0717121767811477e-06,0.017275772988796234,0.5546875,32.10782523941062,0.001823158236220479,3.3665597438812256,0.3665597438812256,0.044921875,0.05810546875,0.07421875,0.00453428788618608,0.00029477206143465907,3.467906605113637e-05,0.004367617890238762,1.5904327028692933e-06,10.192463614723899,0.0792410746216774,0.00027592218248173594,97.77747934514827,64,180224,0.006454750429838896,0.0792410746216774,3.543627144608763e-06,14.904837174849076,173.4887505670286,77.86433821106745,82.87264217029919
TinyLlama/TinyLlama-1.1B-Chat-v1.0,4,gate_proj,model.layers.4.mlp.gate_proj.weight,5632,2048,11534336,-0.328125,0.38671875,-3.597879913286306e-05,0.018956800922751427,0.38671875,20.40000058954414,0.0015139869647100568,3.245443105697632,0.24544310569763184,0.04931640625,0.06494140625,0.0849609375,0.005557320334694602,0.00024275346235795453,8.669766512784092e-06,0.0030450294725596905,7.728638138360111e-07,6.49071606722745,0.0552455373108387,0.00022197686485014856,85.68658828735352,64,180224,0.007055416703224182,0.0552455373108387,4.2346491682110354e-06,14.869837327436967,287.2134273545486,52.41918658020131,70.81675095991655
TinyLlama/TinyLlama-1.1B-Chat-v1.0,4,k_proj,model.layers.4.self_attn.k_proj.weight,256,2048,524288,-0.470703125,0.455078125,4.5668908569496125e-05,0.04895520955324173,0.470703125,9.61497518436893,-0.001450276467949152,4.729063510894775,1.7290635108947754,0.14453125,0.2138671875,0.3233642578125,0.0457763671875,0.0,0.0,0.00370632391422987,1.1448072427810985e-06,3.717041015625,0.0672433003783226,0.00036681428900919855,56.85081481933594,64,8192,0.0185544416308403,0.0672433003783226,3.282782563474029e-05,16.27941131591797,320.4157654681593,11.173883189540723,40.57140350341797
TinyLlama/TinyLlama-1.1B-Chat-v1.0,4,o_proj,model.layers.4.self_attn.o_proj.weight,2048,2048,4194304,-0.3046875,0.390625,-3.4082081583619583e-06,0.013982913456857204,0.390625,27.935880544868706,0.004410013556480408,3.901789665222168,0.901789665222168,0.036865234375,0.04931640625,0.07275390625,0.011229515075683594,0.0008821487426757812,7.152557373046875e-05,0.0030757873319089413,7.877564485170296e-07,9.113192558288574,0.0558035708963871,0.0001640971895540133,95.24099826812744,64,65536,0.005206159316003323,0.0558035708963871,2.3452685127267614e-06,15.007734298706055,208.30954778336655,69.96946774475016,80.23326396942139
TinyLlama/TinyLlama-1.1B-Chat-v1.0,4,q_proj,model.layers.4.self_attn.q_proj.weight,2048,2048,4194304,-0.3203125,0.322265625,8.574179446441121e-06,0.026049179956316948,0.322265625,12.371430714533888,0.0003006748156622052,4.201834201812744,1.2018342018127441,0.07421875,0.1044921875,0.15234375,0.02295970916748047,0.00057220458984375,0.0,0.0025375245604664087,5.364373691918445e-07,4.552125930786133,0.0460379458963871,0.0001686888572294265,66.12327098846436,64,65536,0.009704571217298508,0.0460379458963871,8.605029506725259e-06,15.8066987991333,314.4614206940136,19.60351874419347,50.316572189331055
TinyLlama/TinyLlama-1.1B-Chat-v1.0,4,up_proj,model.layers.4.mlp.up_proj.weight,5632,2048,11534336,-0.2001953125,0.27734375,-8.829229045659304e-06,0.01734655536711216,0.27734375,15.988404852171637,0.0013753800885751843,3.122495174407959,0.12249517440795898,0.044921875,0.05810546875,0.0712890625,0.0028176741166548295,0.0001040371981534091,0.0,0.002183808945119381,3.972572528709861e-07,5.09901913729581,0.0396205373108387,0.0001264529419131577,74.87986304543234,64,180224,0.006490479689091444,0.0396205373108387,3.565545057426789e-06,14.975946599786932,318.31499865459915,35.465248615990646,59.903916445645415
TinyLlama/TinyLlama-1.1B-Chat-v1.0,4,v_proj,model.layers.4.self_attn.v_proj.weight,256,2048,524288,-0.0771484375,0.05712890625,2.9868386263842694e-05,0.01010370533913374,0.0771484375,7.635657900788947,0.0007809544913470745,3.3688385486602783,0.3688385486602783,0.0272216796875,0.036376953125,0.045166015625,0.00152587890625,0.0,0.0,0.0006074680131860077,3.081032318164034e-08,2.6517868041992188,0.011021205224096775,1.0066672984976321e-05,43.44615936279297,64,8192,0.0037991839926689863,0.011021205224096775,1.238882987308898e-06,15.828132629394531,326.7305222872502,8.125604345284579,27.618026733398438
TinyLlama/TinyLlama-1.1B-Chat-v1.0,5,down_proj,model.layers.5.mlp.down_proj.weight,2048,5632,11534336,-0.6953125,0.330078125,8.339652595168445e-06,0.017321111634373665,0.6953125,40.14248708034163,-0.009713318198919296,3.6048219203948975,0.6048219203948975,0.044921875,0.05859375,0.07421875,0.004282864657315341,0.0003467906605113636,2.6009299538352273e-05,0.005474901758134365,2.4991579721245216e-06,12.74799867109819,0.0993303582072258,0.00029416425968520343,99.53458959406072,64,180224,0.006489884573966265,0.0993303582072258,3.5879600090993335e-06,15.007149089466441,117.70534834784209,81.98649342221792,84.52744050459428
TinyLlama/TinyLlama-1.1B-Chat-v1.0,5,gate_proj,model.layers.5.mlp.gate_proj.weight,5632,2048,11534336,-0.4453125,0.66796875,-3.389074845472351e-05,0.019182991236448288,0.66796875,34.82088594873767,0.006502271164208651,3.623746395111084,0.623746395111084,0.050048828125,0.06591796875,0.08984375,0.007265264337713068,0.0007109208540482955,3.467906605113637e-05,0.005259596277028322,2.304413783349446e-06,11.098991740833629,0.0954241082072258,0.0003484183980617672,98.61907958984375,64,180224,0.007172067184001207,0.0954241082072258,4.410690962686203e-06,14.980723641135476,151.19610921409435,78.99406261044712,83.63835594870827
TinyLlama/TinyLlama-1.1B-Chat-v1.0,5,k_proj,model.layers.5.self_attn.k_proj.weight,256,2048,524288,-0.373046875,0.369140625,2.0977609892725013e-05,0.050234854221343994,0.373046875,7.426056684792733,0.010356161743402481,4.241783142089844,1.2417831420898438,0.146484375,0.2080078125,0.2734375,0.02079010009765625,0.0,0.0,0.0029373769648373127,7.167656121964683e-07,3.0202865600585938,0.0532924123108387,0.00023161568969953805,46.846961975097656,64,8192,0.018654266372323036,0.0532924123108387,3.2321258913725615e-05,16.180801391601562,323.14006944302355,7.1660479041916165,30.666160583496094
TinyLlama/TinyLlama-1.1B-Chat-v1.0,5,o_proj,model.layers.5.self_attn.o_proj.weight,2048,2048,4194304,-0.337890625,0.4765625,-2.146001406799769e-06,0.014547295868396759,0.4765625,32.75952481555745,0.010191350243985653,4.794314384460449,1.7943143844604492,0.0380859375,0.051513671875,0.0927734375,0.020742416381835938,0.0028133392333984375,0.0001430511474609375,0.003752460703253746,1.1724363275789074e-06,10.527276992797852,0.0680803582072258,0.00019403771148063242,97.98901081085205,64,65536,0.005374549888074398,0.0680803582072258,2.5003885184560204e-06,14.81311321258545,165.49957291183753,77.60302450934702,83.1758975982666
TinyLlama/TinyLlama-1.1B-Chat-v1.0,5,q_proj,model.layers.5.self_attn.q_proj.weight,2048,2048,4194304,-0.234375,0.287109375,-2.1623069187626243e-05,0.027067216113209724,0.287109375,10.60727389913885,0.0010536120971664786,3.955660581588745,0.9556605815887451,0.0771484375,0.107421875,0.1416015625,0.014472007751464844,4.76837158203125e-05,0.0,0.0022607038263231516,4.2627362972780247e-07,3.9637088775634766,0.041015625,0.0001356566499453038,59.60216522216797,64,65536,0.009961308911442757,0.041015625,8.999358215078246e-06,15.602898597717285,318.23842828825116,15.074036026037254,43.999266624450684
TinyLlama/TinyLlama-1.1B-Chat-v1.0,5,up_proj,model.layers.5.mlp.up_proj.weight,5632,2048,11534336,-0.302734375,0.33984375,6.628260507568484e-06,0.017416562885046005,0.33984375,19.51267607983619,0.002060322556644678,3.2129876613616943,0.21298766136169434,0.04541015625,0.05859375,0.07421875,0.004586306485262784,0.0002080743963068182,0.0,0.0026759349275380373,5.971239716018317e-07,6.223132393576882,0.0485491082072258,0.0001756138080963865,83.70813889936967,64,180224,0.006544642616063356,0.0485491082072258,3.6408732739801053e-06,15.104562586004084,294.09941058853946,48.23397983978997,68.6035763133656
TinyLlama/TinyLlama-1.1B-Chat-v1.0,5,v_proj,model.layers.5.self_attn.v_proj.weight,256,2048,524288,-0.10302734375,0.09423828125,3.242296770622488e-06,0.01151593029499054,0.10302734375,8.946506370815493,-0.00025058723986148834,3.228036403656006,0.22803640365600586,0.0303955078125,0.039794921875,0.048095703125,0.0019073486328125,0.0,0.0,0.0008112389477901161,5.482039000526129e-08,3.0735015869140625,0.01471819169819355,1.7846261471277103e-05,49.17583465576172,64,8192,0.004324805457144976,0.01471819169819355,1.5949854059726931e-06,15.790748596191406,325.5405784155191,11.188981042991838,33.38508605957031
TinyLlama/TinyLlama-1.1B-Chat-v1.0,6,down_proj,model.layers.6.mlp.down_proj.weight,2048,5632,11534336,-0.52734375,0.609375,-3.4088357097061817e-06,0.017118198797106743,0.609375,35.598079402080224,-0.0004702734004240483,4.017380237579346,1.0173802375793457,0.044677734375,0.05908203125,0.08837890625,0.010967254638671875,0.00095367431640625,7.802789861505681e-05,0.00479822838678956,1.918456973726279e-06,11.400699615478516,0.0870535746216774,0.00027866329764947295,98.8108981739391,64,180224,0.006474645342677832,0.0870535746216774,3.612194404922775e-06,15.258511629971592,145.25386884659522,77.145155108403,83.5523865439675
TinyLlama/TinyLlama-1.1B-Chat-v1.0,6,gate_proj,model.layers.6.mlp.gate_proj.weight,5632,2048,11534336,-0.44921875,0.3671875,4.1700273868627846e-05,0.019553516060113907,0.44921875,22.97380934553942,-0.0041759684681892395,3.5518980026245117,0.5518980026245117,0.0517578125,0.0703125,0.09716796875,0.009606101296164772,0.0005115162242542614,1.7339533025568183e-05,0.003537155454978347,1.042278768181859e-06,7.397252863103693,0.0641741082072258,0.00026893860194832087,90.11423804543234,64,180224,0.007288725581020117,0.0641741082072258,4.5832634896214586e-06,14.99547091397372,258.0294352704265,58.67840733078452,75.11876713145863
TinyLlama/TinyLlama-1.1B-Chat-v1.0,6,k_proj,model.layers.6.self_attn.k_proj.weight,256,2048,524288,-0.357421875,0.41015625,0.00012029061326757073,0.047061771154403687,0.41015625,8.7152744135857,0.018062297254800797,4.866140365600586,1.866140365600586,0.140625,0.2138671875,0.296875,0.05512237548828125,0.0,0.0,0.003229576861485839,8.704830065653368e-07,3.55682373046875,0.05859375,0.0002781569492071867,53.94268035888672,64,8192,0.017356300726532936,0.05859375,2.9116054065525532e-05,15.998077392578125,319.5432272764405,9.553387577217569,37.944602966308594
TinyLlama/TinyLlama-1.1B-Chat-v1.0,6,o_proj,model.layers.6.self_attn.o_proj.weight,2048,2048,4194304,-0.42578125,0.421875,4.584543603414204e-06,0.01404939778149128,0.42578125,30.306014294856507,0.004758293274790049,5.486237049102783,2.486237049102783,0.037841796875,0.053955078125,0.10205078125,0.033545494079589844,0.003337860107421875,0.00016689300537109375,0.003352608298882842,9.372312206323841e-07,10.153388977050781,0.0608258917927742,0.0001694342790869996,96.69923782348633,64,65536,0.0051557691767811775,0.0608258917927742,2.3567092739540385e-06,14.974784851074219,180.78172745107244,71.89443388692838,81.72445297241211
TinyLlama/TinyLlama-1.1B-Chat-v1.0,6,q_proj,model.layers.6.self_attn.q_proj.weight,2048,2048,4194304,-0.333984375,0.32421875,9.297318683820777e-06,0.02633778192102909,0.333984375,12.68080873330241,0.002547575393691659,4.74592924118042,1.74592924118042,0.07861328125,0.1142578125,0.1611328125,0.03743171691894531,0.0003814697265625,0.0,0.002629798138514161,5.764541697317327e-07,5.112051963806152,0.0477120541036129,0.00017368016415275633,68.97609233856201,64,65536,0.009585623629391193,0.0477120541036129,8.763096957409289e-06,15.785574913024902,301.2904984859121,19.819495892477597,53.19051742553711
TinyLlama/TinyLlama-1.1B-Chat-v1.0,6,up_proj,model.layers.6.mlp.up_proj.weight,5632,2048,11534336,-0.279296875,0.359375,-1.3866779227100778e-06,0.017162516713142395,0.359375,20.93952804280764,0.0025258639361709356,3.2529656887054443,0.25296568870544434,0.044677734375,0.058349609375,0.07421875,0.004699013449928977,0.000286102294921875,8.669766512784092e-06,0.002829724457114935,6.675005010947643e-07,6.6958254033868965,0.0513392873108387,0.00018769968301057816,86.65654442527078,64,180224,0.006465940270572901,0.0513392873108387,3.5597413443611003e-06,15.180371024391867,281.19781588587995,52.72846110235191,71.4761734008789
TinyLlama/TinyLlama-1.1B-Chat-v1.0,6,v_proj,model.layers.6.self_attn.v_proj.weight,256,2048,524288,-0.06640625,0.05859375,-3.1898416636977345e-06,0.011272627860307693,0.06640625,5.89092896731068,0.0015304326079785824,3.675455093383789,0.6754550933837891,0.03173828125,0.0419921875,0.051025390625,0.00152587890625,0.0,0.0,0.0005228838417679071,2.2783938291581762e-08,2.1917343139648438,0.009486607275903225,7.445365554303862e-06,36.649513244628906,64,8192,0.004205657634884119,0.009486607275903225,1.562006218591705e-06,16.34387969970703,326.78132546798486,4.766540277295795,20.305633544921875
TinyLlama/TinyLlama-1.1B-Chat-v1.0,7,down_proj,model.layers.7.mlp.down_proj.weight,2048,5632,11534336,-0.6796875,1.015625,1.0718248404373298e-06,0.016734419390559196,1.015625,60.690782052048355,0.039739325642585754,6.169343948364258,3.169343948364258,0.0439453125,0.0576171875,0.08251953125,0.00964078036221591,0.0009623440829190341,0.00013004649769176137,0.007997047156095505,5.33064485352952e-06,19.59876147183505,0.1450892835855484,0.0002782603551167995,99.98228766701438,64,180224,0.006352233700454235,0.1450892835855484,3.4820748169295257e-06,15.50629355690696,52.20013014608506,79.91222755005819,84.47599411010742
TinyLlama/TinyLlama-1.1B-Chat-v1.0,7,gate_proj,model.layers.7.mlp.gate_proj.weight,5632,2048,11534336,-0.337890625,0.376953125,5.309662446961738e-05,0.020884890109300613,0.376953125,18.049083477443457,0.0036925971508026123,3.8938825130462646,0.8938825130462646,0.056396484375,0.0810546875,0.1259765625,0.023997913707386364,0.0006762417879971591,0.0,0.0029681348241865635,7.347394443968369e-07,5.964686653830788,0.0538504458963871,0.00021871435455977917,81.29673871127042,64,180224,0.007782250642776489,0.0538504458963871,5.305552349454956e-06,15.221899205988104,297.6760758221255,41.22367289095694,66.07483950528231
TinyLlama/TinyLlama-1.1B-Chat-v1.0,7,k_proj,model.layers.7.self_attn.k_proj.weight,256,2048,524288,-0.431640625,0.482421875,2.871589458663948e-05,0.04497436806559563,0.482421875,10.72659596453656,0.0022159633226692677,5.256163597106934,2.2561635971069336,0.1396484375,0.203125,0.283203125,0.046539306640625,0.00019073486328125,0.0,0.0037985974922776222,1.2020570920867613e-06,4.3949127197265625,0.0689174085855484,0.00037443701876327395,64.0756607055664,64,8192,0.01602615974843502,0.0689174085855484,2.5581139198038727e-05,15.500640869140625,311.49686751837584,14.637230025783275,48.57501983642578
TinyLlama/TinyLlama-1.1B-Chat-v1.0,7,o_proj,model.layers.7.self_attn.o_proj.weight,2048,2048,4194304,-0.359375,0.326171875,1.092759248422226e-05,0.014917688444256783,0.359375,24.09052859247487,-0.0018953809048980474,4.666987895965576,1.6669878959655762,0.040283203125,0.057373046875,0.1064453125,0.03266334533691406,0.0021219253540039062,4.76837158203125e-05,0.002829724457114935,6.679748594251578e-07,8.05511474609375,0.0513392873108387,0.0001599217066541314,91.69268608093262,64,65536,0.005460090935230255,0.0513392873108387,2.639126932990621e-06,14.853644371032715,239.4127629170894,60.596443715918745,76.8390417098999
TinyLlama/TinyLlama-1.1B-Chat-v1.0,7,q_proj,model.layers.7.self_attn.q_proj.weight,2048,2048,4194304,-0.48046875,0.5703125,-2.0864459656877443e-05,0.026581337675452232,0.5703125,21.455372448267774,0.002894144970923662,7.594993591308594,4.594993591308594,0.08154296875,0.1376953125,0.228515625,0.11661052703857422,0.004744529724121094,7.152557373046875e-05,0.004490649793297052,1.6791610732980189e-06,8.549332618713379,0.0814732164144516,0.00038701508310623467,89.01219367980957,64,65536,0.009448511525988579,0.0814732164144516,9.027024134411477e-06,15.44499397277832,230.48121425665454,42.87294210623781,73.56719970703125
TinyLlama/TinyLlama-1.1B-Chat-v1.0,7,up_proj,model.layers.7.mlp.up_proj.weight,5632,2048,11534336,-0.373046875,0.322265625,9.849820344243199e-06,0.016848012804985046,0.373046875,22.141891706636265,-0.001880152034573257,3.366607427597046,0.3666074275970459,0.044189453125,0.057861328125,0.08056640625,0.008340315385298296,0.00032945112748579544,8.669766512784092e-06,0.0029373769648373127,7.186248467405676e-07,7.140662453391335,0.0532924123108387,0.0001928551064338535,88.73265873302113,64,180224,0.006379615981131792,0.0532924123108387,3.4813826914614765e-06,15.398519689386541,268.3668778063787,55.3961237604974,73.33413904363458
TinyLlama/TinyLlama-1.1B-Chat-v1.0,7,v_proj,model.layers.7.self_attn.v_proj.weight,256,2048,524288,-0.09033203125,0.09814453125,-1.972515383386053e-05,0.012971114367246628,0.09814453125,7.5663916353883085,-0.0027305721305310726,3.85082745552063,0.8508274555206299,0.036865234375,0.05126953125,0.06494140625,0.0102996826171875,0.0,0.0,0.0007727915653958917,4.9724867778877524e-08,2.8879165649414062,0.014020646922290325,1.6135927580762655e-05,44.90222930908203,64,8192,0.0048468997702002525,0.014020646922290325,2.0714246602437925e-06,16.488265991210938,324.5041827465047,7.789772850760388,28.413963317871094
TinyLlama/TinyLlama-1.1B-Chat-v1.0,8,down_proj,model.layers.8.mlp.down_proj.weight,2048,5632,11534336,-0.6640625,0.486328125,5.712076472264016e-06,0.01718096248805523,0.6640625,38.651065122904384,-0.004162434954196215,4.132263660430908,1.1322636604309082,0.044677734375,0.05810546875,0.076171875,0.006450306285511364,0.0011704184792258523,6.935813210227273e-05,0.005228838417679071,2.2788276510254946e-06,12.348703904585404,0.0948660746216774,0.0002868937444873154,99.36174045909534,64,180224,0.006462362129241228,0.0948660746216774,3.5928426314058015e-06,15.126592462713068,125.89532357052559,79.85146412467837,84.23514799638228
TinyLlama/TinyLlama-1.1B-Chat-v1.0,8,gate_proj,model.layers.8.mlp.gate_proj.weight,5632,2048,11534336,-0.349609375,0.53515625,5.336178946890868e-05,0.020211579278111458,0.53515625,26.4777058059762,0.0020758414175361395,3.53509521484375,0.53509521484375,0.053466796875,0.07177734375,0.09912109375,0.00925931063565341,0.0005375255237926136,2.6009299538352273e-05,0.004213828593492508,1.4799792324993177e-06,8.557241613214666,0.0764508917927742,0.0003298609226476401,94.09541216763583,64,180224,0.007547228131443262,0.0764508917927742,4.914273176837014e-06,15.020509199662643,222.88212929217045,67.12303341263363,79.07490296797319
TinyLlama/TinyLlama-1.1B-Chat-v1.0,8,k_proj,model.layers.8.self_attn.k_proj.weight,256,2048,524288,-0.447265625,0.392578125,-8.11897189123556e-06,0.04664851725101471,0.447265625,9.58799231695346,-0.013242201879620552,4.867530822753906,1.8675308227539062,0.138671875,0.2041015625,0.306640625,0.0469207763671875,0.0,0.0,0.0035217765253037214,1.0317019132344285e-06,3.9884567260742188,0.0638950914144516,0.0003241083468310535,57.97252655029297,64,8192,0.017488164827227592,0.0638950914144516,2.971893445646856e-05,16.357040405273438,314.14921565373504,10.905786252390646,41.61548614501953
TinyLlama/TinyLlama-1.1B-Chat-v1.0,8,o_proj,model.layers.8.self_attn.o_proj.weight,2048,2048,4194304,-0.4375,0.69140625,-4.152161181991687e-06,0.014531828463077545,0.69140625,47.57875113628848,0.014568798243999481,5.86232328414917,2.86232328414917,0.038818359375,0.0537109375,0.08984375,0.02086162567138672,0.0014543533325195312,0.00016689300537109375,0.005444143898785114,2.4706844214961166e-06,15.622401237487793,0.0987723246216774,0.00020693839178420603,99.81741905212402,64,65536,0.005423900205641985,0.0987723246216774,2.589256155260955e-06,15.205907821655273,83.75751673655473,79.92194644926894,84.61151123046875
TinyLlama/TinyLlama-1.1B-Chat-v1.0,8,q_proj,model.layers.8.self_attn.q_proj.weight,2048,2048,4194304,-0.3984375,0.453125,-3.220986036467366e-05,0.02727973274886608,0.453125,16.610316683503243,-0.003863636404275894,4.896101951599121,1.896101951599121,0.08203125,0.1171875,0.1669921875,0.03352165222167969,0.0009059906005859375,0.0,0.0035679133143275976,1.060177737599588e-06,7.1048736572265625,0.0647321417927742,0.00028561934595927596,79.61833477020264,64,65536,0.010011749342083931,0.0647321417927742,9.644063538871706e-06,16.46709442138672,269.4070398101019,29.616078824869668,63.15124034881592
TinyLlama/TinyLlama-1.1B-Chat-v1.0,8,up_proj,model.layers.8.mlp.up_proj.weight,5632,2048,11534336,-0.287109375,0.3515625,4.635303412214853e-06,0.017296960577368736,0.3515625,20.325102692318254,0.0012128133093938231,3.2514989376068115,0.2514989376068115,0.044921875,0.05859375,0.07470703125,0.00453428788618608,0.00029477206143465907,8.669766512784092e-06,0.0027682087384164333,6.387303415067436e-07,6.490984829989347,0.0502232126891613,0.00018331311002839357,85.41320453990589,64,180224,0.006500352639704943,0.0502232126891613,3.59364207724866e-06,15.108177878639914,286.99608914141146,51.01039727605274,70.30502666126597
TinyLlama/TinyLlama-1.1B-Chat-v1.0,8,v_proj,model.layers.8.self_attn.v_proj.weight,256,2048,524288,-0.07275390625,0.08935546875,-1.551627974549774e-05,0.012121094390749931,0.08935546875,7.371897773371896,-0.011460094712674618,3.603125810623169,0.603125810623169,0.03369140625,0.04541015625,0.05517578125,0.0026702880859375,0.0,0.0,0.0007035863818600774,4.1287322005700844e-08,2.67333984375,0.01276506669819355,1.3467600183503237e-05,43.377113342285156,64,8192,0.004518656060099602,0.01276506669819355,1.7883245391203673e-06,15.977096557617188,326.19214638439536,7.530847946719792,27.40001678466797
TinyLlama/TinyLlama-1.1B-Chat-v1.0,9,down_proj,model.layers.9.mlp.down_proj.weight,2048,5632,11534336,-0.4765625,0.419921875,-4.314801572036231e-06,0.01693258248269558,0.4765625,28.14470270480169,-0.0011231863172724843,3.6137502193450928,0.6137502193450928,0.044189453125,0.05810546875,0.078125,0.006996501575816761,0.0005635348233309659,6.068836558948863e-05,0.003752460703253746,1.1730161304512876e-06,9.007818048650568,0.0680803582072258,0.00024453087826259434,95.47938433560458,64,180224,0.006389453541487455,0.0680803582072258,3.4965266877406975e-06,15.22169980135831,208.46335520426084,69.93536732322197,80.25768453424627
TinyLlama/TinyLlama-1.1B-Chat-v1.0,9,gate_proj,model.layers.9.mlp.gate_proj.weight,5632,2048,11534336,-0.59375,0.3671875,1.5302443898690399e-06,0.020653188228607178,0.59375,28.748588035312824,-0.004670087713748217,3.6261727809906006,0.6261727809906006,0.05517578125,0.0751953125,0.10400390625,0.010238994251598011,0.00048550692471590907,1.7339533025568183e-05,0.004675196949392557,1.8206363847639295e-06,9.350187128240412,0.0848214253783226,0.0003626951656769961,95.79964551058683,64,180224,0.007688709069043398,0.0848214253783226,5.127303666085936e-06,15.006602894176137,199.21340071648876,70.73799199294727,80.79304261641069
TinyLlama/TinyLlama-1.1B-Chat-v1.0,9,k_proj,model.layers.9.self_attn.k_proj.weight,256,2048,524288,-0.375,0.3515625,9.524238703306764e-05,0.0479159839451313,0.375,7.82619846499267,0.005485156551003456,4.102889060974121,1.102889060974121,0.138671875,0.193359375,0.2530517578125,0.016021728515625,0.0,0.0,0.002952755894511938,7.258288405864732e-07,2.9140472412109375,0.0535714291036129,0.00023749281535856426,47.515869140625,64,8192,0.017507893964648247,0.0535714291036129,2.820997906383127e-05,15.350151062011719,327.2022301658183,8.418751918290496,32.16571807861328
TinyLlama/TinyLlama-1.1B-Chat-v1.0,9,o_proj,model.layers.9.self_attn.o_proj.weight,2048,2048,4194304,-0.3203125,0.224609375,7.188614290498663e-07,0.014961326494812965,0.3203125,21.40936501259104,0.0027129228692501783,3.477226495742798,0.47722649574279785,0.039794921875,0.05322265625,0.0712890625,0.0072002410888671875,0.000286102294921875,2.384185791015625e-05,0.0025221456307917833,5.301932333168224e-07,6.997966766357422,0.0457589291036129,0.0001440417254343629,87.63651847839355,64,65536,0.005512748844921589,0.0457589291036129,2.6234390588797396e-06,14.814376831054688,271.6777891208756,54.90568761138731,72.82214164733887
TinyLlama/TinyLlama-1.1B-Chat-v1.0,9,q_proj,model.layers.9.self_attn.q_proj.weight,2048,2048,4194304,-0.390625,0.345703125,3.7268700907588936e-06,0.026592902839183807,0.390625,14.689069574774903,-2.427829895168543e-05,4.389422416687012,1.3894224166870117,0.0771484375,0.11083984375,0.1552734375,0.027751922607421875,0.0003814697265625,0.0,0.0030757873319089413,7.879735903770779e-07,5.414915084838867,0.0558035708963871,0.00023803026124369353,74.08084869384766,64,65536,0.009721823036670685,0.0558035708963871,8.74702527653426e-06,15.438508987426758,302.0789835478956,27.212709889184833,58.6423397064209
TinyLlama/TinyLlama-1.1B-Chat-v1.0,9,up_proj,model.layers.9.mlp.up_proj.weight,5632,2048,11534336,-0.251953125,0.244140625,1.221684584606919e-07,0.017095988616347313,0.251953125,14.73755807014755,0.0016938433982431889,3.2139358520507812,0.21393585205078125,0.044677734375,0.057861328125,0.07421875,0.004794380881569602,0.00022541392933238637,0.0,0.001983882859349251,3.2816367934174195e-07,4.729877818714488,0.0359933041036129,0.00010553406900726259,71.17820219560103,64,180224,0.006439111661165953,0.0359933041036129,3.5247919640823966e-06,15.170270746404475,321.5897299145098,29.94050998829263,56.007931449196555
TinyLlama/TinyLlama-1.1B-Chat-v1.0,9,v_proj,model.layers.9.self_attn.v_proj.weight,256,2048,524288,-0.062255859375,0.058837890625,9.174425031233113e-06,0.012157457880675793,0.062255859375,5.120795809949325,-0.002843760186806321,3.2747673988342285,0.2747673988342285,0.032470703125,0.04248046875,0.0517578125,0.0003814697265625,0.0,0.0,0.0004902036162093282,1.987305431327968e-08,1.8039703369140625,0.008893693797290325,6.552143531735055e-06,30.25360107421875,64,8192,0.0046298205852508545,0.008893693797290325,1.814744450712169e-06,16.28894805908203,329.69987544173046,3.6105047898968725,13.964653015136719
TinyLlama/TinyLlama-1.1B-Chat-v1.0,10,down_proj,model.layers.10.mlp.down_proj.weight,2048,5632,11534336,-0.59765625,0.5546875,6.660382950940402e-06,0.017275966703891754,0.59765625,34.59466322456885,-0.0037841349840164185,3.740701913833618,0.7407019138336182,0.045166015625,0.05908203125,0.076171875,0.005635348233309659,0.000667572021484375,7.802789861505681e-05,0.004705954808741808,1.8469980886948179e-06,11.131364648992365,0.0853794664144516,0.0002821723755914718,98.50878282026811,64,180224,0.0064742714166641235,0.0853794664144516,3.5816367471852573e-06,15.09720195423473,152.7735070862304,78.7830803370068,83.41158086603338
TinyLlama/TinyLlama-1.1B-Chat-v1.0,10,gate_proj,model.layers.10.mlp.gate_proj.weight,5632,2048,11534336,-0.4453125,0.482421875,2.2364285541698337e-05,0.020446423441171646,0.482421875,23.59443823454121,-0.0007882052450440824,3.533811092376709,0.533811092376709,0.0546875,0.07421875,0.1015625,0.009675459428267046,0.000286102294921875,1.7339533025568183e-05,0.0037985974922776222,1.2019357882309123e-06,7.6738270846280185,0.0689174085855484,0.00030037006945349276,91.0093220797452,64,180224,0.007600964512676001,0.0689174085855484,5.0017997637041844e-06,14.99842730435458,249.9052548352829,60.05239786549304,76.01089477539062
TinyLlama/TinyLlama-1.1B-Chat-v1.0,10,k_proj,model.layers.10.self_attn.k_proj.weight,256,2048,524288,-0.451171875,0.37109375,-1.2992128176847473e-05,0.04933490604162216,0.451171875,9.145084306421133,-0.010360733605921268,4.080383777618408,1.0803837776184082,0.142578125,0.197265625,0.259765625,0.0141143798828125,0.0,0.0,0.0035525343846529722,1.052325387718156e-06,3.4336090087890625,0.064453125,0.00034029639209620655,54.06017303466797,64,8192,0.018091542646288872,0.064453125,3.0149778467603028e-05,15.443992614746094,323.3756365358621,11.286862106196459,38.616180419921875
TinyLlama/TinyLlama-1.1B-Chat-v1.0,10,o_proj,model.layers.10.self_attn.o_proj.weight,2048,2048,4194304,-0.365234375,0.36328125,5.649169452226488e-06,0.014937130734324455,0.365234375,24.45144127718703,0.0017119698459282517,3.890498638153076,0.8904986381530762,0.039794921875,0.05419921875,0.07861328125,0.0125885009765625,0.0007867813110351562,7.152557373046875e-05,0.002875861246138811,6.893798740748025e-07,7.990074157714844,0.0521763376891613,0.00016586162382736802,91.93196296691895,64,65536,0.005476044025272131,0.0521763376891613,2.6083391730935546e-06,14.695429801940918,240.59539604338795,63.5889785877241,77.23653316497803
TinyLlama/TinyLlama-1.1B-Chat-v1.0,10,q_proj,model.layers.10.self_attn.q_proj.weight,2048,2048,4194304,-0.341796875,0.41796875,1.657176107983105e-05,0.026815563440322876,0.41796875,15.586797231770841,0.00021683273371309042,4.659302711486816,1.6593027114868164,0.07763671875,0.11669921875,0.173828125,0.04622936248779297,0.0005006790161132812,0.0,0.0032910925801843405,9.031887771016045e-07,5.786299705505371,0.0597098208963871,0.00026533592608757317,76.6477108001709,64,65536,0.009801344946026802,0.0597098208963871,8.956261808634736e-06,15.449142456054688,293.77681921497583,29.625744731106753,61.19856834411621
TinyLlama/TinyLlama-1.1B-Chat-v1.0,10,up_proj,model.layers.10.mlp.up_proj.weight,5632,2048,11534336,-0.279296875,0.255859375,8.384038778785907e-07,0.017435040324926376,0.279296875,16.019284716003625,-0.0016071214340627193,3.1846964359283447,0.18469643592834473,0.04541015625,0.058837890625,0.0732421875,0.0034072182395241475,0.0001733953302556818,0.0,0.00219918810762465,4.0272027490573237e-07,5.133403431285512,0.0398995541036129,0.00012758132652379572,75.07986588911577,64,180224,0.006550587713718414,0.0398995541036129,3.6430183172342367e-06,15.112374045632102,316.79886629412835,35.02077547077911,59.967491843483664
TinyLlama/TinyLlama-1.1B-Chat-v1.0,10,v_proj,model.layers.10.self_attn.v_proj.weight,256,2048,524288,-0.08251953125,0.06494140625,-1.4858392205496784e-05,0.012290452606976032,0.08251953125,6.71411654955344,-0.001665269024670124,3.3008508682250977,0.30085086822509766,0.032958984375,0.043701171875,0.0538482666015625,0.0019073486328125,0.0,0.0,0.0006497600697912276,3.514340818355777e-08,2.3105621337890625,0.01178850419819355,1.1490565157146193e-05,38.63182067871094,64,8192,0.004668913781642914,0.01178850419819355,1.85955332199228e-06,16.041946411132812,326.96217444619333,6.179207136063989,22.589874267578125
TinyLlama/TinyLlama-1.1B-Chat-v1.0,11,down_proj,model.layers.11.mlp.down_proj.weight,2048,5632,11534336,-0.419921875,0.50390625,-5.482329925143858e-06,0.0172331091016531,0.50390625,29.240588394560934,-0.00017424569523427635,3.472048044204712,0.4720480442047119,0.045166015625,0.05908203125,0.07568359375,0.004829059947620739,0.00033812089399857956,3.467906605113637e-05,0.003967765718698502,1.3121299389240448e-06,9.467653794722123,0.0719866082072258,0.0002594288671389222,96.18343873457475,64,180224,0.0064604501239955425,0.0719866082072258,3.567708517948631e-06,15.126852555708451,197.71583548475053,72.71582469077076,81.0565861788663
TinyLlama/TinyLlama-1.1B-Chat-v1.0,11,gate_proj,model.layers.11.mlp.gate_proj.weight,5632,2048,11534336,-0.37109375,0.51953125,-1.943245115398895e-05,0.020499272271990776,0.51953125,25.343887485696875,0.0018051230581477284,3.698587656021118,0.6985876560211182,0.054931640625,0.07568359375,0.10595703125,0.012345747514204546,0.0005115162242542614,8.669766512784092e-06,0.004090797156095505,1.395318804497947e-06,8.293255892666904,0.07421875,0.00032240431755781174,93.0864767594771,64,180224,0.007623875048011541,0.07421875,5.059970135334879e-06,15.002744848077947,231.06140082002034,63.71664435455692,78.08373191139914
TinyLlama/TinyLlama-1.1B-Chat-v1.0,11,k_proj,model.layers.11.self_attn.k_proj.weight,256,2048,524288,-0.376953125,0.345703125,-5.898110248381272e-05,0.044467147439718246,0.376953125,8.477115054682006,-0.010090673342347145,4.560543537139893,1.5605435371398926,0.1337890625,0.189453125,0.2490234375,0.0255584716796875,0.0,0.0,0.0029681348241865635,7.338468321904656e-07,3.4238815307617188,0.0538504458963871,0.0002349496353417635,52.91252136230469,64,8192,0.015994608402252197,0.0538504458963871,2.4610822947579436e-05,15.427589416503906,320.16168093341815,9.546598089881089,37.48493194580078
TinyLlama/TinyLlama-1.1B-Chat-v1.0,11,o_proj,model.layers.11.self_attn.o_proj.weight,2048,2048,4194304,-0.265625,0.41796875,1.9868962226610165e-06,0.014591961167752743,0.41796875,28.643767975731937,0.00963454321026802,4.092989444732666,1.092989444732666,0.039794921875,0.055419921875,0.0791015625,0.015330314636230469,0.0006198883056640625,4.76837158203125e-05,0.0032910925801843405,9.028102567754104e-07,9.597039222717285,0.0597098208963871,0.0001767055073287338,95.59624195098877,64,65536,0.005351853556931019,0.0597098208963871,2.5252102204831317e-06,14.888739585876465,195.72828952993646,69.9765531975892,80.7075023651123
TinyLlama/TinyLlama-1.1B-Chat-v1.0,11,q_proj,model.layers.11.self_attn.q_proj.weight,2048,2048,4194304,-0.392578125,0.37109375,1.3490542187355459e-05,0.02556460350751877,0.392578125,15.356315809261012,-0.004409184679389,5.930461883544922,2.930461883544922,0.0791015625,0.1259765625,0.185546875,0.09489059448242188,0.0010728836059570312,0.0,0.0030911662615835667,7.959743015817367e-07,6.411647796630859,0.0560825876891613,0.00022363470634445548,77.6663064956665,64,65536,0.009205982089042664,0.0560825876891613,8.431439709966071e-06,15.798568725585938,280.95719409540635,26.52390505504254,61.867737770080566
TinyLlama/TinyLlama-1.1B-Chat-v1.0,11,up_proj,model.layers.11.mlp.up_proj.weight,5632,2048,11534336,-0.232421875,0.2119140625,-8.404011168750003e-06,0.017395664006471634,0.232421875,13.36090849498663,-0.0023383761290460825,3.1588590145111084,0.1588590145111084,0.04541015625,0.058837890625,0.07373046875,0.003069097345525568,8.66976651278409e-05,0.0,0.001830093446187675,2.7898704502149485e-07,4.259612343528054,0.033203125,9.084399061976e-05,66.62352301857688,64,180224,0.0065377638675272465,0.033203125,3.6270409964345163e-06,15.124719793146307,325.6208208978336,25.046309294287607,51.49880322543057
TinyLlama/TinyLlama-1.1B-Chat-v1.0,11,v_proj,model.layers.11.self_attn.v_proj.weight,256,2048,524288,-0.06298828125,0.06689453125,4.050618372275494e-05,0.011505107395350933,0.06689453125,5.814333491318058,0.002796333283185959,3.546659469604492,0.5466594696044922,0.03173828125,0.04248046875,0.052490234375,0.00400543212890625,0.0,0.0,0.0005267285741865635,2.314004987624685e-08,2.1047592163085938,0.009556361474096775,7.561674010503339e-06,35.09941101074219,64,8192,0.004370757378637791,0.009556361474096775,1.6508388398506213e-06,16.41387939453125,326.778639239899,4.580504061309563,18.685531616210938
TinyLlama/TinyLlama-1.1B-Chat-v1.0,12,down_proj,model.layers.12.mlp.down_proj.weight,2048,5632,11534336,-0.416015625,0.8046875,-6.2244707805803046e-06,0.01696249283850193,0.8046875,47.439224155396445,0.008766703307628632,4.027128219604492,1.0271282196044922,0.044677734375,0.05859375,0.07861328125,0.006901134144176136,0.0005808743563565341,3.467906605113637e-05,0.006336121819913387,3.344434617247316e-06,15.263713489879262,0.1149553582072258,0.0002851183235179633,99.8784672130238,64,180224,0.006420035380870104,0.1149553582072258,3.532276650730637e-06,15.361109646883877,85.25157646903976,80.7180047630153,84.51735756613992
TinyLlama/TinyLlama-1.1B-Chat-v1.0,12,gate_proj,model.layers.12.mlp.gate_proj.weight,5632,2048,11534336,-0.416015625,0.578125,-1.3697802387468982e-05,0.021163268014788628,0.578125,27.31737837445585,-0.0040093823336064816,4.045927047729492,1.0459270477294922,0.057861328125,0.08251953125,0.123046875,0.022012537175958805,0.0008236278187144886,8.669766512784092e-06,0.004552165511995554,1.7263396330235992e-06,9.135332974520596,0.0825892835855484,0.00035780391772277653,94.7610161521218,64,180224,0.007880845107138157,0.0825892835855484,5.4956790336291306e-06,15.234236283735795,207.26160187616185,65.10640733079656,79.526779868386
TinyLlama/TinyLlama-1.1B-Chat-v1.0,12,k_proj,model.layers.12.self_attn.k_proj.weight,256,2048,524288,-0.48828125,0.47265625,-9.965570643544197e-05,0.04619525372982025,0.48828125,10.56994410845289,0.001530681736767292,4.547408580780029,1.5474085807800293,0.1357421875,0.1962890625,0.27734375,0.03223419189453125,0.00057220458984375,0.0,0.0038447342813014984,1.2320730320425355e-06,3.9356231689453125,0.0697544664144516,0.0003948105440940708,60.23750305175781,64,8192,0.016908040270209312,0.0697544664144516,2.6872083253692836e-05,15.464019775390625,320.4441082843542,14.692219444497844,44.77348327636719
TinyLlama/TinyLlama-1.1B-Chat-v1.0,12,o_proj,model.layers.12.self_attn.o_proj.weight,2048,2048,4194304,-0.404296875,0.349609375,-4.031356183986645e-06,0.015661180019378662,0.404296875,25.81522429981237,-0.003753865137696266,4.060197830200195,1.0601978302001953,0.042236328125,0.057861328125,0.08154296875,0.012493133544921875,0.0009775161743164062,4.76837158203125e-05,0.0031834400724619627,8.444169452559436e-07,8.613920211791992,0.0577566958963871,0.00018919227295555174,93.33882331848145,64,65536,0.005725976079702377,0.0577566958963871,2.8762456167896744e-06,14.7658109664917,224.05077730671,65.77750935148542,78.57301235198975
TinyLlama/TinyLlama-1.1B-Chat-v1.0,12,q_proj,model.layers.12.self_attn.q_proj.weight,2048,2048,4194304,-0.283203125,0.416015625,-1.923824856930878e-05,0.025878682732582092,0.416015625,16.07561054397189,0.0009782712440937757,4.44011116027832,1.4401111602783203,0.07568359375,0.11083984375,0.1513671875,0.03407001495361328,0.000286102294921875,0.0,0.003275713650509715,8.945949048211332e-07,5.870795249938965,0.0594308041036129,0.0002615624398458749,77.94327735900879,64,65536,0.009441404603421688,0.0594308041036129,8.26773339213105e-06,15.335679054260254,292.3808736627805,31.636535364677005,62.607598304748535
TinyLlama/TinyLlama-1.1B-Chat-v1.0,12,up_proj,model.layers.12.mlp.up_proj.weight,5632,2048,11534336,-0.2392578125,0.302734375,-9.441703241463983e-07,0.017195144668221474,0.302734375,17.605805641140464,-0.0013567152200266719,3.277845859527588,0.2778458595275879,0.045166015625,0.059326171875,0.07763671875,0.005704706365411932,0.00022541392933238637,0.0,0.0023837352637201548,4.7375149847539433e-07,5.689109455455434,0.0432477667927742,0.0001451603602617979,79.61147481744939,64,180224,0.006509943399578333,0.0432477667927742,3.613488161136047e-06,15.32365625554865,306.4061237356429,40.17181011495575,64.28781856190074
TinyLlama/TinyLlama-1.1B-Chat-v1.0,12,v_proj,model.layers.12.self_attn.v_proj.weight,256,2048,524288,-0.07470703125,0.07177734375,-5.349510320229456e-05,0.014429032802581787,0.07470703125,5.177549477649858,-0.004719511605799198,3.3401477336883545,0.3401477336883545,0.038818359375,0.051025390625,0.0621490478515625,0.000762939453125,0.0,0.0,0.000588244351092726,2.8888944569871455e-08,1.840972900390625,0.01067243330180645,9.427064469491597e-06,30.919265747070312,64,8192,0.005490567069500685,0.01067243330180645,2.566015155025525e-06,16.495513916015625,326.3208334486255,3.673814806209834,14.423751831054688
TinyLlama/TinyLlama-1.1B-Chat-v1.0,13,down_proj,model.layers.13.mlp.down_proj.weight,2048,5632,11534336,-0.796875,0.490234375,6.512328582175542e-06,0.01715710386633873,0.796875,46.44577582603692,-0.0025261545088142157,3.9667677879333496,0.9667677879333496,0.045166015625,0.0595703125,0.07958984375,0.007412650368430398,0.0005201859907670455,4.334883256392045e-05,0.006274606101214886,3.280084683865425e-06,14.950102025812322,0.1138392835855484,0.00029131013434380293,99.85035116022283,64,180224,0.00649600476026535,0.1138392835855484,3.623152451837086e-06,15.359288995916193,88.81177238403116,80.40239493540957,84.49106216430664
TinyLlama/TinyLlama-1.1B-Chat-v1.0,13,gate_proj,model.layers.13.mlp.gate_proj.weight,5632,2048,11534336,-0.494140625,0.55859375,-4.4689830247079954e-05,0.02107381820678711,0.55859375,26.50652788777011,-0.000954093411564827,4.306931495666504,1.306931495666504,0.0576171875,0.08251953125,0.126953125,0.025098974054509945,0.0012137673117897727,6.935813210227273e-05,0.0043983762152493,1.612931328054401e-06,8.842364224520596,0.0797991082072258,0.00034650691668502986,94.11218816583806,64,180224,0.007861022837460041,0.0797991082072258,5.492904620041372e-06,15.228817679665305,214.83054526754339,63.082638540776266,78.88337048617277
TinyLlama/TinyLlama-1.1B-Chat-v1.0,13,k_proj,model.layers.13.self_attn.k_proj.weight,256,2048,524288,-0.400390625,0.40234375,-8.30502813187195e-06,0.04693114757537842,0.40234375,8.573064388714894,-0.0020307893864810467,4.6144256591796875,1.6144256591796875,0.140625,0.205078125,0.279296875,0.034332275390625,0.0,0.0,0.0031680609099566936,8.356753369298531e-07,3.2461166381835938,0.0574776791036129,0.0002716038143262267,52.28099822998047,64,8192,0.016903415322303772,0.0574776791036129,2.712740024435334e-05,15.285873413085938,325.0111644123168,10.012157887586813,36.99512481689453
TinyLlama/TinyLlama-1.1B-Chat-v1.0,13,o_proj,model.layers.13.self_attn.o_proj.weight,2048,2048,4194304,-0.421875,0.2890625,-8.913907549867872e-07,0.015084277838468552,0.421875,27.967861936626285,-0.0028995429165661335,3.8898727893829346,0.8898727893829346,0.041015625,0.056396484375,0.0771484375,0.011396408081054688,0.0005245208740234375,2.384185791015625e-05,0.0033218504395335913,9.190234209199843e-07,9.288859367370605,0.0602678582072258,0.00018680241191759706,95.12629508972168,64,65536,0.005525614600628614,0.0602678582072258,2.675474888746976e-06,14.811015129089355,203.26186217387075,69.82028226214582,80.31527996063232
TinyLlama/TinyLlama-1.1B-Chat-v1.0,13,q_proj,model.layers.13.self_attn.q_proj.weight,2048,2048,4194304,-0.443359375,0.345703125,6.990097972447984e-06,0.02542901039123535,0.443359375,17.435180063193226,-0.000792717095464468,4.349974632263184,1.3499746322631836,0.07421875,0.1064453125,0.1416015625,0.024962425231933594,0.00035762786865234375,0.0,0.0034910186659544706,1.0156941243621986e-06,6.396245956420898,0.0633370503783226,0.00028582377126440406,80.97736835479736,64,65536,0.009284472092986107,0.0633370503783226,7.973819265316706e-06,15.353989601135254,281.4073296366522,35.845278373393334,65.62337875366211
TinyLlama/TinyLlama-1.1B-Chat-v1.0,13,up_proj,model.layers.13.mlp.up_proj.weight,5632,2048,11534336,-0.32421875,0.208984375,-6.174819645821117e-06,0.017398366704583168,0.32421875,18.635010717103267,-0.00014365855895448476,3.2970917224884033,0.2970917224884033,0.045654296875,0.06005859375,0.07861328125,0.005670027299360795,0.00023408369584517047,0.0,0.002552903490141034,5.431201657302154e-07,6.018170443448153,0.0463169626891613,0.00016225347644649446,81.95261521772905,64,180224,0.006586234550923109,0.0463169626891613,3.7019572118879296e-06,15.330826152454723,298.7432371036114,43.82910637796059,66.62178906527433
TinyLlama/TinyLlama-1.1B-Chat-v1.0,13,v_proj,model.layers.13.self_attn.v_proj.weight,256,2048,524288,-0.07421875,0.0732421875,-2.6891575544141233e-05,0.012301160022616386,0.07421875,6.033475693637396,0.004038188140839338,3.3167881965637207,0.3167881965637207,0.032958984375,0.043701171875,0.0537109375,0.00171661376953125,0.0,0.0,0.0005843996186740696,2.8443810862199825e-08,2.0597457885742188,0.010602678172290325,9.328306077804882e-06,35.064125061035156,64,8192,0.004656488541513681,0.010602678172290325,1.8550799723016098e-06,15.989494323730469,327.9555655533366,5.028519641787298,19.074630737304688
TinyLlama/TinyLlama-1.1B-Chat-v1.0,14,down_proj,model.layers.14.mlp.down_proj.weight,2048,5632,11534336,-0.64453125,0.5234375,1.947191094586742e-06,0.017604371532797813,0.64453125,36.61199996825825,-0.0017630909569561481,3.900099754333496,0.9000997543334961,0.04638671875,0.0615234375,0.08447265625,0.008409673517400568,0.0007109208540482955,6.068836558948863e-05,0.0050750491209328175,2.1473342712852173e-06,11.838722229003906,0.0920758917927742,0.00029603566508740187,98.93840443004261,64,180224,0.006694041658192873,0.0920758917927742,3.854416718240827e-06,15.45173471624201,137.86193842573905,76.80427071790874,83.4866697138006
TinyLlama/TinyLlama-1.1B-Chat-v1.0,14,gate_proj,model.layers.14.mlp.gate_proj.weight,5632,2048,11534336,-0.478515625,0.5703125,-8.12518919701688e-05,0.021133529022336006,0.5703125,26.986146014574153,-0.0053954352624714375,4.290979385375977,1.2909793853759766,0.0576171875,0.08251953125,0.1259765625,0.023191625421697445,0.0011617487127130682,5.201859907670455e-05,0.004490649793297052,1.6809755152280559e-06,9.02273871681907,0.0814732164144516,0.0003536865406204015,94.41557797518644,64,180224,0.00791552197188139,0.0814732164144516,5.561260422837222e-06,15.33907110040838,210.4055278713666,63.5982697677659,79.07650687477806
TinyLlama/TinyLlama-1.1B-Chat-v1.0,14,k_proj,model.layers.14.self_attn.k_proj.weight,256,2048,524288,-0.421875,0.498046875,-8.50469950819388e-06,0.04821639508008957,0.498046875,10.329409201428726,0.019209491088986397,4.991095542907715,1.9910955429077148,0.1484375,0.2158203125,0.294921875,0.04444122314453125,0.00019073486328125,0.0,0.003921628929674625,1.277878936889465e-06,4.1408538818359375,0.0711495503783226,0.00040432228706777096,61.20452880859375,64,8192,0.01735849678516388,0.0711495503783226,2.937151657533832e-05,15.523910522460938,316.40108886366625,13.765795376302039,45.68061828613281
TinyLlama/TinyLlama-1.1B-Chat-v1.0,14,o_proj,model.layers.14.self_attn.o_proj.weight,2048,2048,4194304,-0.3046875,0.392578125,-6.566291631315835e-06,0.015524579212069511,0.392578125,25.28752113904588,-0.008167847990989685,4.976014614105225,1.9760146141052246,0.04296875,0.06298828125,0.1103515625,0.035881996154785156,0.00247955322265625,2.384185791015625e-05,0.0030911662615835667,7.966987141116988e-07,8.672881126403809,0.0560825876891613,0.0001769787777448073,92.9027795791626,64,65536,0.005661575123667717,0.0560825876891613,2.8720744467136683e-06,15.018057823181152,222.14015738952796,61.62053979739726,77.88472175598145
TinyLlama/TinyLlama-1.1B-Chat-v1.0,14,q_proj,model.layers.14.self_attn.q_proj.weight,2048,2048,4194304,-0.53125,0.423828125,-2.3278775188373402e-05,0.025603653863072395,0.53125,20.748991641627,0.0017683887854218483,5.266574382781982,2.2665743827819824,0.07666015625,0.115234375,0.1689453125,0.0522613525390625,0.0012159347534179688,2.384185791015625e-05,0.004183070734143257,1.4583941947421408e-06,7.959842681884766,0.0758928582072258,0.0003574062429834157,87.53588199615479,64,65536,0.009293025359511375,0.0758928582072258,8.316754247061908e-06,15.470647811889648,245.06833904848946,42.97424600584753,72.06523418426514
TinyLlama/TinyLlama-1.1B-Chat-v1.0,14,up_proj,model.layers.14.mlp.up_proj.weight,5632,2048,11534336,-0.380859375,0.30078125,3.921963980246801e-06,0.01786836050450802,0.380859375,21.314735333659335,-0.0022909981198608875,3.400205373764038,0.4002053737640381,0.047119140625,0.062255859375,0.0830078125,0.006849115545099432,0.0003641301935369318,8.669766512784092e-06,0.0029988926835358143,7.497390015487326e-07,6.893643465909091,0.0544084832072258,0.0002057928213616833,87.30193918401545,64,180224,0.006774179637432098,0.0544084832072258,3.930506863980554e-06,15.383668379350143,274.48594902569823,52.357832840233264,71.91827080466531
TinyLlama/TinyLlama-1.1B-Chat-v1.0,14,v_proj,model.layers.14.self_attn.v_proj.weight,256,2048,524288,-0.0859375,0.0947265625,1.377739681629464e-05,0.01336649339646101,0.0947265625,7.086867115430615,0.006092846393585205,3.586728811264038,0.5867288112640381,0.036865234375,0.0498046875,0.0673828125,0.01087188720703125,0.0,0.0,0.0007458784384652972,4.639818484974967e-08,2.4349212646484375,0.013532365672290325,1.5182419701886829e-05,41.237640380859375,64,8192,0.005133641418069601,0.013532365672290325,2.2937622361496324e-06,16.239166259765625,327.22012188734885,6.61900325265291,24.99847412109375
TinyLlama/TinyLlama-1.1B-Chat-v1.0,15,down_proj,model.layers.15.mlp.down_proj.weight,2048,5632,11534336,-0.49609375,0.59765625,1.527410972812504e-06,0.017685847356915474,0.59765625,33.792910112746505,-0.003834871342405677,3.884307861328125,0.884307861328125,0.04638671875,0.06103515625,0.0849609375,0.008331645618785511,0.0007716092196377841,7.802789861505681e-05,0.004705954808741808,1.8446258991389186e-06,10.909982161088424,0.0853794664144516,0.00029227195773273706,98.2571688565341,64,180224,0.00669919652864337,0.0853794664144516,3.852613190247212e-06,15.356792103160512,158.44511229576207,75.86330194596638,82.90037675337358
TinyLlama/TinyLlama-1.1B-Chat-v1.0,15,gate_proj,model.layers.15.mlp.gate_proj.weight,5632,2048,11534336,-0.337890625,0.435546875,-5.700129258912057e-05,0.021068481728434563,0.435546875,20.672912296863554,-0.003345635486766696,3.8412275314331055,0.8412275314331055,0.057373046875,0.08203125,0.11962890625,0.02066005359996449,0.0004941766912286931,8.669766512784092e-06,0.003429502947255969,9.795980986382347e-07,6.877725774591619,0.0622209832072258,0.00026770500699058175,86.63634386929598,64,180224,0.007868382148444653,0.0622209832072258,5.441926987259649e-06,15.262933210893111,273.280447729253,49.19305378725561,71.37341065840288
TinyLlama/TinyLlama-1.1B-Chat-v1.0,15,k_proj,model.layers.15.self_attn.k_proj.weight,256,2048,524288,-0.48046875,0.455078125,5.0072267185896635e-05,0.04283091425895691,0.48046875,11.217802802318728,0.007734415587037802,5.2144269943237305,2.2144269943237305,0.130859375,0.1943359375,0.28125,0.0537872314453125,0.00057220458984375,0.0,0.003783218562602997,1.1900804111064645e-06,4.3567657470703125,0.0686383917927742,0.0003751888871192932,64.57767486572266,64,8192,0.015644807368516922,0.0686383917927742,2.3993316062842496e-05,15.616226196289062,315.263475995261,15.637225222916705,48.961448669433594
TinyLlama/TinyLlama-1.1B-Chat-v1.0,15,o_proj,model.layers.15.self_attn.o_proj.weight,2048,2048,4194304,-0.423828125,0.244140625,1.4073562851990573e-05,0.01585043966770172,0.423828125,26.739203068519938,-0.009449155069887638,4.24014139175415,1.2401413917541504,0.0439453125,0.06298828125,0.08837890625,0.020766258239746094,0.000667572021484375,4.76837158203125e-05,0.0033372293692082167,9.280336144001922e-07,8.970022201538086,0.060546875,0.00019546537077985704,94.26672458648682,64,65536,0.00578166963532567,0.060546875,2.969744627989712e-06,14.830565452575684,210.6231581990599,65.81891551805651,79.43615913391113
TinyLlama/TinyLlama-1.1B-Chat-v1.0,15,q_proj,model.layers.15.self_attn.q_proj.weight,2048,2048,4194304,-0.435546875,0.37890625,-4.221968993078917e-05,0.02596469782292843,0.435546875,16.77457900609131,-0.024953529238700867,6.039120197296143,3.0391201972961426,0.080078125,0.12255859375,0.1962890625,0.07212162017822266,0.002765655517578125,0.0,0.003429502947255969,9.804771252674982e-07,7.047104835510254,0.0622209832072258,0.00026353501016274095,80.78174591064453,64,65536,0.009409742429852486,0.0622209832072258,8.994463314593304e-06,15.786004066467285,268.7824155926556,29.299692593682785,64.99574184417725
TinyLlama/TinyLlama-1.1B-Chat-v1.0,15,up_proj,model.layers.15.mlp.up_proj.weight,5632,2048,11534336,-0.390625,0.40234375,-6.271591246331809e-06,0.018005823716521263,0.40234375,22.34520099354461,0.00011235272540943697,3.312136650085449,0.3121366500854492,0.04736328125,0.06201171875,0.07958984375,0.004308873956853693,0.00022541392933238637,1.7339533025568183e-05,0.0031680609099566936,8.360038918908685e-07,7.187080383300781,0.0574776791036129,0.00022219534730538726,89.02417096224698,64,180224,0.0068047125823795795,0.0574776791036129,3.952678071073024e-06,15.28214541348544,265.78267094286747,56.21387406464611,73.74202554876155
TinyLlama/TinyLlama-1.1B-Chat-v1.0,15,v_proj,model.layers.15.self_attn.v_proj.weight,256,2048,524288,-0.1552734375,0.1376953125,-2.1025558453402482e-05,0.013716885820031166,0.1552734375,11.319875337392522,-0.01294761337339878,4.34512186050415,1.3451218605041504,0.038330078125,0.057373046875,0.09033203125,0.0453948974609375,0.00057220458984375,0.0,0.0012226254912093282,1.2430079721070797e-07,3.9903640747070312,0.02218191884458065,4.001628258265555e-05,61.42749786376953,64,8192,0.005628409795463085,0.02218191884458065,2.8184815619169967e-06,18.246841430664062,321.93102120513447,14.19781598835026,43.18065643310547
TinyLlama/TinyLlama-1.1B-Chat-v1.0,16,down_proj,model.layers.16.mlp.down_proj.weight,2048,5632,11534336,-0.58984375,0.671875,-3.1097222290554782e-06,0.017636869102716446,0.671875,38.09491333677343,0.001435890095308423,4.007931232452393,1.0079312324523926,0.046142578125,0.06103515625,0.0869140625,0.009363347833806818,0.001040371981534091,4.334883256392045e-05,0.005290354136377573,2.332365511392709e-06,12.252972342751242,0.0959821417927742,0.00030032239737920463,99.22803531993519,64,180224,0.006689819972962141,0.0959821417927742,3.852323061437346e-06,15.366918390447443,128.76300730406328,77.9587777529621,83.86111692948775
TinyLlama/TinyLlama-1.1B-Chat-v1.0,16,gate_proj,model.layers.16.mlp.gate_proj.weight,5632,2048,11534336,-0.58203125,0.322265625,-5.8081899624085054e-05,0.02163536101579666,0.58203125,26.90185061275569,-0.004868439398705959,3.857468366622925,0.8574683666229248,0.05908203125,0.0849609375,0.123046875,0.02197785810990767,0.00033812089399857956,8.669766512784092e-06,0.004582923371344805,1.7510375300844316e-06,8.931524103338068,0.0831473246216774,0.0003709131560754031,94.46718042547053,64,180224,0.008029071614146233,0.0831473246216774,5.675494776369305e-06,15.093049136075107,211.82478941928696,65.3534485873814,79.37413128939542
TinyLlama/TinyLlama-1.1B-Chat-v1.0,16,k_proj,model.layers.16.self_attn.k_proj.weight,256,2048,524288,-0.388671875,0.373046875,8.232123946072534e-06,0.04399804770946503,0.388671875,8.833843664303938,-0.005975231993943453,4.328152656555176,1.3281526565551758,0.1279296875,0.18359375,0.255859375,0.02803802490234375,0.0,0.0,0.003060408402234316,7.800664434398641e-07,3.2617568969726562,0.0555245541036129,0.0002545617753639817,52.403831481933594,64,8192,0.016203077509999275,0.0555245541036129,2.4541226594010368e-05,15.471076965332031,326.33345211138555,10.372822009887278,36.93275451660156
TinyLlama/TinyLlama-1.1B-Chat-v1.0,16,o_proj,model.layers.16.self_attn.o_proj.weight,2048,2048,4194304,-0.212890625,0.3046875,-5.042587872594595e-06,0.01578199677169323,0.3046875,19.30601712873817,0.003068342339247465,3.6807782649993896,0.6807782649993896,0.04248046875,0.058837890625,0.08349609375,0.013947486877441406,0.0005006790161132812,0.0,0.00239911419339478,4.793428729499283e-07,6.369805335998535,0.0435267873108387,0.00013828714145347476,83.94629955291748,64,65536,0.005825999192893505,0.0435267873108387,2.9534023724409053e-06,14.916753768920898,288.49316273848115,46.82299396244619,69.02954578399658
TinyLlama/TinyLlama-1.1B-Chat-v1.0,16,q_proj,model.layers.16.self_attn.q_proj.weight,2048,2048,4194304,-0.427734375,0.51953125,-1.779821286618244e-05,0.026472825556993484,0.51953125,19.625077379122168,0.001786459470167756,5.580320835113525,2.5803208351135254,0.08056640625,0.123046875,0.17919921875,0.06356239318847656,0.001621246337890625,0.0,0.004090797156095505,1.3943503063273965e-06,7.687568664550781,0.07421875,0.00035112490877509117,86.0687255859375,64,65536,0.00967218168079853,0.07421875,9.150181540462654e-06,15.790009498596191,251.8197236244923,38.3735456200946,70.27871608734131
TinyLlama/TinyLlama-1.1B-Chat-v1.0,16,up_proj,model.layers.16.mlp.up_proj.weight,5632,2048,11534336,-0.24609375,0.46484375,4.944441116094822e-06,0.018000787124037743,0.46484375,25.82352353799356,0.003326736157760024,3.270738363265991,0.2707383632659912,0.04736328125,0.061767578125,0.0771484375,0.0027916648171164775,0.00013871626420454547,2.6009299538352273e-05,0.00366018689237535,1.11621909582027e-06,8.274234424937855,0.06640625,0.00025817647110670805,93.50171522660689,64,180224,0.006766289006918669,0.06640625,3.897614988090936e-06,15.141227028586648,231.2955154355098,66.23960342300605,78.36048819802025
TinyLlama/TinyLlama-1.1B-Chat-v1.0,16,v_proj,model.layers.16.self_attn.v_proj.weight,256,2048,524288,-0.083984375,0.1044921875,-1.507493834651541e-06,0.015130477957427502,0.1044921875,6.9060731454755615,-0.0009102520998567343,3.4061458110809326,0.4061458110809326,0.041015625,0.055419921875,0.0673828125,0.0034332275390625,0.0,0.0,0.0008227731450460851,5.633809507799015e-08,2.3950576782226562,0.014927455224096775,1.8429695046506822e-05,39.81361389160156,64,8192,0.0057557630352675915,0.014927455224096775,2.8387066777213477e-06,16.13903045654297,327.1266985686002,6.492285797312628,23.674583435058594
TinyLlama/TinyLlama-1.1B-Chat-v1.0,17,down_proj,model.layers.17.mlp.down_proj.weight,2048,5632,11534336,-0.408203125,0.62109375,-7.069894763844786e-06,0.017956549301743507,0.62109375,34.58870296085754,0.004460737109184265,3.619825601577759,0.6198256015777588,0.046875,0.06103515625,0.07861328125,0.005435943603515625,0.0005028464577414773,5.201859907670455e-05,0.004890501964837313,1.9915353277610848e-06,11.119053580544211,0.0887276753783226,0.000304977351333946,98.51831089366566,64,180224,0.006751210894435644,0.0887276753783226,3.898588602169184e-06,15.155766227028586,153.13680208565836,78.22763119049182,83.36254466663706
TinyLlama/TinyLlama-1.1B-Chat-v1.0,17,gate_proj,model.layers.17.mlp.gate_proj.weight,5632,2048,11534336,-0.37109375,0.46484375,-8.62304586917162e-05,0.021674027666449547,0.46484375,21.447040538734658,7.259625272126868e-05,3.668717384338379,0.6687173843383789,0.058349609375,0.08251953125,0.1181640625,0.01769499345259233,0.00029477206143465907,8.669766512784092e-06,0.00366018689237535,1.116757744057395e-06,7.01555772261186,0.06640625,0.0003008413768839091,88.04622129960494,64,180224,0.008026503957808018,0.06640625,5.615424015559256e-06,14.973111586137252,269.38821645498035,53.574115872699146,73.07310971346769
TinyLlama/TinyLlama-1.1B-Chat-v1.0,17,k_proj,model.layers.17.self_attn.k_proj.weight,256,2048,524288,-0.4296875,0.443359375,4.281055225874297e-06,0.04042935371398926,0.443359375,10.966274112034345,0.017824534326791763,4.6283416748046875,1.6283416748046875,0.11767578125,0.171875,0.256103515625,0.040435791015625,0.000762939453125,0.0,0.0034910186659544706,1.015552697936073e-06,3.9836883544921875,0.0633370503783226,0.0003265241102781147,61.650848388671875,64,8192,0.015095759183168411,0.0633370503783226,2.1546282368944958e-05,15.756797790527344,321.52355160073506,15.1545452104879,45.89405059814453
TinyLlama/TinyLlama-1.1B-Chat-v1.0,17,o_proj,model.layers.17.self_attn.o_proj.weight,2048,2048,4194304,-0.259765625,0.3671875,-7.240474587888457e-06,0.017050834372639656,0.3671875,21.534869905791908,0.0063910349272191525,4.096767425537109,1.0967674255371094,0.04638671875,0.06494140625,0.10302734375,0.022530555725097656,0.0011682510375976562,2.384185791015625e-05,0.0028912401758134365,6.966585601730912e-07,7.168722152709961,0.0524553582072258,0.00018454145174473524,88.03853988647461,64,65536,0.006244898773729801,0.0524553582072258,3.4227196010760963e-06,14.865422248840332,264.8951183473353,53.916614053548464,73.17311763763428
TinyLlama/TinyLlama-1.1B-Chat-v1.0,17,q_proj,model.layers.17.self_attn.q_proj.weight,2048,2048,4194304,-0.51171875,0.42578125,1.0412741175969131e-06,0.024338264018297195,0.51171875,21.025277300603545,-0.0024406437296420336,4.817820072174072,1.8178200721740723,0.072265625,0.10498046875,0.1474609375,0.03638267517089844,0.0009059906005859375,2.384185791015625e-05,0.004029281437397003,1.3526694147003582e-06,8.321547508239746,0.0731026753783226,0.00032775680301710963,87.47258186340332,64,65536,0.008842775598168373,0.0731026753783226,7.492601980629843e-06,15.516376495361328,242.30369922995115,43.744056319078325,71.95620536804199
TinyLlama/TinyLlama-1.1B-Chat-v1.0,17,up_proj,model.layers.17.mlp.up_proj.weight,5632,2048,11534336,-0.380859375,0.34765625,-1.3492339121512487e-06,0.018289053812623024,0.380859375,20.824443894256166,-0.0006475115078501403,3.2283380031585693,0.22833800315856934,0.047607421875,0.061767578125,0.07666015625,0.0029910694469105115,0.00027743252840909093,8.669766512784092e-06,0.0029988926835358143,7.494647320527292e-07,6.645332683216441,0.0544084832072258,0.00021140383614692837,86.34447617964311,64,180224,0.00685851089656353,0.0544084832072258,3.998806732852245e-06,15.053272247314453,282.0730944442291,52.86673006978247,71.29120393232866
TinyLlama/TinyLlama-1.1B-Chat-v1.0,17,v_proj,model.layers.17.self_attn.v_proj.weight,256,2048,524288,-0.177734375,0.1591796875,-2.8363565434119664e-06,0.01884734444320202,0.177734375,9.43020782241322,0.014029854908585548,4.062384605407715,1.0623846054077148,0.052978515625,0.0791015625,0.111602783203125,0.02765655517578125,0.0,0.0,0.001399483298882842,1.6374342237668316e-07,3.441619873046875,0.025390625,5.308655818225816e-05,53.26805114746094,64,8192,0.007257306016981602,0.025390625,4.723236088466365e-06,16.52050018310547,324.20574464441887,11.239446258443408,36.74755096435547
TinyLlama/TinyLlama-1.1B-Chat-v1.0,18,down_proj,model.layers.18.mlp.down_proj.weight,2048,5632,11534336,-0.62890625,0.37890625,-1.5741817378511769e-06,0.018204476684331894,0.62890625,34.546790929798206,-0.005074675660580397,3.412865400314331,0.41286540031433105,0.04736328125,0.0615234375,0.076171875,0.0034072182395241475,0.0003467906605113636,4.334883256392045e-05,0.004952017683535814,2.043521362793399e-06,11.008964885364879,0.08984375,0.0003144099609926343,98.57581745494495,64,180224,0.006811465136706829,0.08984375,3.9489495975431055e-06,14.968525279651988,153.85694846020618,79.61863103754195,83.60729217529297
TinyLlama/TinyLlama-1.1B-Chat-v1.0,18,gate_proj,model.layers.18.mlp.gate_proj.weight,5632,2048,11534336,-0.283203125,0.330078125,-8.606990741100162e-05,0.021759910508990288,0.330078125,15.169093864776029,0.0009421433787792921,3.64011287689209,0.6401128768920898,0.05859375,0.0830078125,0.11962890625,0.017764351584694603,0.0002687627618963068,0.0,0.0025990402791649103,5.629873385259998e-07,4.9481565302068535,0.0471540167927742,0.00017936901713255793,73.44202561811967,64,180224,0.008036736398935318,0.0471540167927742,5.625272933684755e-06,14.884801344438033,318.60222221369605,31.886278096566027,58.55722427368164
TinyLlama/TinyLlama-1.1B-Chat-v1.0,18,k_proj,model.layers.18.self_attn.k_proj.weight,256,2048,524288,-0.419921875,0.4453125,-6.563006536453031e-06,0.0403478741645813,0.4453125,11.036826827196514,-0.007336403708904982,5.050918102264404,2.0509181022644043,0.119140625,0.1787109375,0.2890625,0.052642822265625,0.00095367431640625,0.0,0.003506397595629096,1.0262468777000322e-06,4.126930236816406,0.0636160746216774,0.00032768218079581857,62.65392303466797,64,8192,0.015212936326861382,0.0636160746216774,2.234865678474307e-05,15.977287292480469,319.30151303378557,14.662276303760676,46.6766357421875
TinyLlama/TinyLlama-1.1B-Chat-v1.0,18,o_proj,model.layers.18.self_attn.o_proj.weight,2048,2048,4194304,-0.30078125,0.58984375,6.180518539622426e-06,0.017523163929581642,0.58984375,33.66080191741277,0.011072524823248386,3.9451744556427,0.9451744556427002,0.046875,0.06298828125,0.088134765625,0.010156631469726562,0.0008106231689453125,2.384185791015625e-05,0.004644439090043306,1.7982999906962505e-06,10.987186431884766,0.0842633917927742,0.0002831443853210658,98.09517860412598,64,65536,0.006474272347986698,0.0842633917927742,3.6388507851370377e-06,14.877820014953613,157.45114095865637,77.81148555955494,83.21735858917236
TinyLlama/TinyLlama-1.1B-Chat-v1.0,18,q_proj,model.layers.18.self_attn.q_proj.weight,2048,2048,4194304,-0.435546875,0.380859375,2.0295925423852168e-05,0.025077708065509796,0.435546875,17.367889994661116,-0.010356996208429337,4.873257160186768,1.8732571601867676,0.0751953125,0.10986328125,0.15234375,0.0385284423828125,0.0006198883056640625,0.0,0.003429502947255969,9.802704425965203e-07,6.739354133605957,0.0622209832072258,0.000266590213868767,81.35263919830322,64,65536,0.009126921184360981,0.0622209832072258,7.99308418208966e-06,15.559625625610352,271.9557810624467,33.352609305194555,65.79301357269287
TinyLlama/TinyLlama-1.1B-Chat-v1.0,18,up_proj,model.layers.18.mlp.up_proj.weight,5632,2048,11534336,-0.326171875,0.23046875,1.927970743054175e-06,0.01856655441224575,0.326171875,17.567711690483087,0.0004008256655652076,3.107780694961548,0.10778069496154785,0.04833984375,0.062255859375,0.07568359375,0.0014045021750710227,6.068836558948863e-05,0.0,0.0025682824198156595,5.496487460732169e-07,5.584942210804332,0.0465959832072258,0.00016992016753647476,79.1549335826527,64,180224,0.006937004160135984,0.0465959832072258,4.071454441145761e-06,14.915093508633701,309.14319144801664,41.73451281175505,64.239840074019
TinyLlama/TinyLlama-1.1B-Chat-v1.0,18,v_proj,model.layers.18.self_attn.v_proj.weight,256,2048,524288,-0.259765625,0.283203125,-1.5325080312322825e-05,0.01958649791777134,0.283203125,14.459099640423336,0.026032710447907448,6.390964984893799,3.390964984893799,0.0546875,0.1015625,0.171875,0.113677978515625,0.00400543212890625,0.0,0.002229945966973901,4.14368685142108e-07,5.213165283203125,0.0404575876891613,0.00012989173410460353,72.94807434082031,64,8192,0.008231023326516151,0.0404575876891613,6.491809017461492e-06,18.305397033691406,313.46899213693496,20.008557515358856,54.642677307128906
TinyLlama/TinyLlama-1.1B-Chat-v1.0,19,down_proj,model.layers.19.mlp.down_proj.weight,2048,5632,11534336,-0.5390625,0.5,-9.877438742478262e-07,0.018551098182797432,0.5390625,29.05825276154684,-0.0035729107912629843,3.415513038635254,0.4155130386352539,0.04833984375,0.0625,0.07666015625,0.002756985751065341,0.00031211159446022725,6.068836558948863e-05,0.004244586452841759,1.5005949762780801e-06,9.276225350119851,0.0770089253783226,0.0003017854760400951,96.10618244517933,64,180224,0.006936293561011553,0.0770089253783226,4.095946223969804e-06,14.93629975752397,201.11054669036173,73.67906206239292,81.16988268765536
TinyLlama/TinyLlama-1.1B-Chat-v1.0,19,gate_proj,model.layers.19.mlp.gate_proj.weight,5632,2048,11534336,-0.4375,0.3203125,-7.757361163385212e-05,0.021759038791060448,0.4375,20.10658670178684,1.712871562631335e-05,3.5281083583831787,0.5281083583831787,0.05810546875,0.08154296875,0.11279296875,0.012943961403586647,0.00022541392933238637,8.669766512784092e-06,0.0034448818769305944,9.89031946119212e-07,6.506026874889027,0.0625,0.00028151183505542576,85.63490780917081,64,180224,0.008047796785831451,0.0625,5.606461400020635e-06,14.85583565451882,284.6337129554094,50.21203482367499,70.779072154652
TinyLlama/TinyLlama-1.1B-Chat-v1.0,19,k_proj,model.layers.19.self_attn.k_proj.weight,256,2048,524288,-0.484375,0.52734375,4.194852590444498e-05,0.038617320358753204,0.52734375,13.655627710597209,-0.004669024143368006,4.899850845336914,1.899850845336914,0.111328125,0.169921875,0.26953125,0.054931640625,0.00095367431640625,0.0,0.004152312874794006,1.4351546724356012e-06,4.989051818847656,0.0753348246216774,0.000444077595602721,71.0531234741211,64,8192,0.014795530587434769,0.0753348246216774,2.0717136067105457e-05,16.16802215576172,309.4283871501298,21.43527918937718,54.885101318359375
TinyLlama/TinyLlama-1.1B-Chat-v1.0,19,o_proj,model.layers.19.self_attn.o_proj.weight,2048,2048,4194304,-0.6015625,0.3671875,-2.3516681721957866e-06,0.01839415915310383,0.6015625,32.703995599521186,-0.011393716558814049,4.188772201538086,1.188772201538086,0.050048828125,0.068359375,0.08984375,0.008654594421386719,0.0005960464477539062,7.152557373046875e-05,0.004736712668091059,1.8691782770474674e-06,10.87484359741211,0.0859375,0.00030427161254920065,97.65310287475586,64,65536,0.006787601858377457,0.0859375,4.027230716019403e-06,14.99783992767334,162.78362330950293,75.55355876157721,82.65526294708252
TinyLlama/TinyLlama-1.1B-Chat-v1.0,19,q_proj,model.layers.19.self_attn.q_proj.weight,2048,2048,4194304,-0.484375,0.53515625,-3.186996764270589e-07,0.024235565215349197,0.53515625,22.081442922613068,0.007196768186986446,5.205191135406494,2.205191135406494,0.07177734375,0.1064453125,0.15234375,0.040912628173828125,0.0013113021850585938,2.384185791015625e-05,0.004213828593492508,1.4801398720010184e-06,8.607029914855957,0.0764508917927742,0.0003453535900916904,89.08658027648926,64,65536,0.008850568905472755,0.0764508917927742,7.545984772150405e-06,15.587377548217773,233.32496923064633,45.766536843046644,73.49920272827148
TinyLlama/TinyLlama-1.1B-Chat-v1.0,19,up_proj,model.layers.19.mlp.up_proj.weight,5632,2048,11534336,-0.26171875,0.2216796875,-1.5921707017696463e-05,0.018962860107421875,0.26171875,13.80164956749145,-0.0004942401428706944,3.090155839920044,0.09015583992004395,0.04931640625,0.0634765625,0.07666015625,0.0012831254438920455,3.467906605113637e-05,0.0,0.0020607775077223778,3.53960700749667e-07,4.394505240700462,0.0373883917927742,0.00011510586045915261,68.004018610174,64,180224,0.007080193143337965,0.0373883917927742,4.240234829921974e-06,14.904776486483486,325.19389925312464,27.146105127689523,53.099242123690516
TinyLlama/TinyLlama-1.1B-Chat-v1.0,19,v_proj,model.layers.19.self_attn.v_proj.weight,256,2048,524288,-0.28515625,0.287109375,1.460533712815959e-05,0.02312302775681019,0.287109375,12.416599505029813,0.01324182003736496,5.309012413024902,2.3090124130249023,0.06695556640625,0.10693359375,0.17340087890625,0.0713348388671875,0.00133514404296875,0.0,0.0022607038263231516,4.249280891599483e-07,4.618263244628906,0.041015625,0.00013512866280507296,66.94755554199219,64,8192,0.008896023035049438,0.041015625,7.5751404438051395e-06,16.622161865234375,318.0036016734324,17.838436634607824,50.32539367675781
TinyLlama/TinyLlama-1.1B-Chat-v1.0,20,down_proj,model.layers.20.mlp.down_proj.weight,2048,5632,11534336,-0.5390625,0.71875,8.884213684723363e-07,0.018954839557409286,0.71875,37.91907590792805,0.004561849404126406,3.7109620571136475,0.7109620571136475,0.04931640625,0.06396484375,0.08056640625,0.004673004150390625,0.0006328929554332386,6.068836558948863e-05,0.00565944891422987,2.6695583983382676e-06,12.042036923495205,0.1026785746216774,0.0003487140638753772,99.26040822809392,64,180224,0.0071146828122437,0.1026785746216774,4.332144271756988e-06,15.009160475297408,130.62612306681243,80.49456389270924,84.25124775279652
TinyLlama/TinyLlama-1.1B-Chat-v1.0,20,gate_proj,model.layers.20.mlp.gate_proj.weight,5632,2048,11534336,-0.68359375,0.35546875,-3.8620153645752e-05,0.02190290577709675,0.68359375,31.21018539534671,-0.01613547094166279,3.944925546646118,0.9449255466461182,0.05859375,0.08203125,0.1123046875,0.012224370783025568,0.0003641301935369318,9.5367431640625e-05,0.005382628180086613,2.414118171145674e-06,10.111652721058238,0.09765625,0.0004257333348505199,97.24824211814187,64,180224,0.008109861053526402,0.09765625,5.714018698199652e-06,14.886613325639205,176.35148930943947,74.5068151395196,82.36162879250267
TinyLlama/TinyLlama-1.1B-Chat-v1.0,20,k_proj,model.layers.20.self_attn.k_proj.weight,256,2048,524288,-0.45703125,0.49609375,5.180008156457916e-05,0.03978259116411209,0.49609375,12.470121615595684,0.015559331513941288,4.581328868865967,1.5813288688659668,0.11328125,0.169921875,0.2764892578125,0.048065185546875,0.000762939453125,0.0,0.00390625,1.283000415241986e-06,4.424858093261719,0.0708705335855484,0.0004050605930387974,66.36238098144531,64,8192,0.015515999868512154,0.0708705335855484,2.2204643755685538e-05,16.39728546142578,315.71353230029865,18.242156798173397,49.96509552001953
TinyLlama/TinyLlama-1.1B-Chat-v1.0,20,o_proj,model.layers.20.self_attn.o_proj.weight,2048,2048,4194304,-0.470703125,0.287109375,1.0064439265988767e-05,0.01841113716363907,0.470703125,25.566216840185813,-0.014628159813582897,3.8142058849334717,0.8142058849334717,0.048828125,0.06494140625,0.08544921875,0.006699562072753906,0.0008821487426757812,7.152557373046875e-05,0.00370632391422987,1.1446708185758325e-06,8.26723575592041,0.0672433003783226,0.00026493618497624993,93.15609931945801,64,65536,0.006799948401749134,0.0672433003783226,3.979623215855099e-06,14.832282066345215,231.45185557003728,66.57318308947579,78.3238172531128
TinyLlama/TinyLlama-1.1B-Chat-v1.0,20,q_proj,model.layers.20.self_attn.q_proj.weight,2048,2048,4194304,-0.498046875,0.625,4.058656486449763e-06,0.024732667952775955,0.625,25.27022160299738,-0.012416710145771503,4.934689044952393,1.9346890449523926,0.0712890625,0.1025390625,0.16259765625,0.03528594970703125,0.0015020370483398438,4.76837158203125e-05,0.0049212598241865635,2.0166901322227204e-06,9.703421592712402,0.0892857164144516,0.00043000749428756535,92.49002933502197,64,65536,0.009204096160829067,0.0892857164144516,8.04696355771739e-06,15.71507453918457,213.22437563257532,53.43723644369799,76.7749547958374
TinyLlama/TinyLlama-1.1B-Chat-v1.0,20,up_proj,model.layers.20.mlp.up_proj.weight,5632,2048,11534336,-0.2255859375,0.2021484375,-9.546739420329686e-06,0.01938997395336628,0.2255859375,11.634153714829317,-0.0001869595580501482,3.1100502014160156,0.11005020141601562,0.050537109375,0.0654296875,0.07958984375,0.002080743963068182,2.6009299538352273e-05,0.0,0.0017762671923264861,2.629233790685248e-07,3.6950198086825283,0.0322265625,8.632038225186989e-05,59.99240008267489,64,180224,0.007243725936859846,0.0322265625,4.4453931877797e-06,14.919879219748758,328.31002917155,19.41794091221513,45.07252086292613
TinyLlama/TinyLlama-1.1B-Chat-v1.0,20,v_proj,model.layers.20.self_attn.v_proj.weight,256,2048,524288,-0.13671875,0.1259765625,4.630862167687155e-05,0.023473242297768593,0.13671875,5.82445101812785,-0.005489924922585487,3.374101400375366,0.3741014003753662,0.0634765625,0.08544921875,0.1064453125,0.0034332275390625,0.0,0.0,0.001076525542885065,9.663818900662591e-08,2.014923095703125,0.01953125,3.163042129017413e-05,34.202003479003906,64,8192,0.008787851780653,0.01953125,6.628180926782079e-06,15.864944458007812,327.30767841691875,4.772111932305144,18.337059020996094
TinyLlama/TinyLlama-1.1B-Chat-v1.0,21,down_proj,model.layers.21.mlp.down_proj.weight,2048,5632,11534336,-0.5859375,0.69140625,5.2981408771302085e-06,0.01803317666053772,0.69140625,38.34079058921521,0.010960300453007221,6.087125778198242,3.087125778198242,0.04833984375,0.06396484375,0.08984375,0.009848854758522728,0.001621246337890625,0.0003814697265625,0.005444143898785114,2.470560048095649e-06,12.64312050559304,0.0987723246216774,0.000311385520035401,99.1558161648837,64,180224,0.0069951643235981464,0.0987723246216774,4.257204182067653e-06,16.092803261496805,126.03843419042674,73.14319603157165,83.06301290338689
TinyLlama/TinyLlama-1.1B-Chat-v1.0,21,gate_proj,model.layers.21.mlp.gate_proj.weight,5632,2048,11534336,-0.62109375,0.52734375,-3.816755997831933e-05,0.024334482848644257,0.62109375,25.523194960134642,-0.01938698999583721,5.142614841461182,2.1426148414611816,0.068359375,0.0986328125,0.1435546875,0.02284483476118608,0.002592260187322443,0.00013871626420454547,0.004890501964837313,1.992139232243062e-06,8.635148135098545,0.0887276753783226,0.00043674049084074795,93.24486472389914,64,180224,0.008934096433222294,0.0887276753783226,7.167377134464914e-06,15.052431279962713,219.23191098897098,60.934492862200024,78.19243344393642
TinyLlama/TinyLlama-1.1B-Chat-v1.0,21,k_proj,model.layers.21.self_attn.k_proj.weight,256,2048,524288,-0.546875,0.490234375,1.6937327018240467e-05,0.03953547775745392,0.546875,13.83251274602072,-0.007668953388929367,4.749458312988281,1.7494583129882812,0.11181640625,0.16796875,0.2764892578125,0.046539306640625,0.00209808349609375,0.0,0.00430610217154026,1.5448628118974739e-06,4.883003234863281,0.078125,0.00048431113827973604,70.93334197998047,64,8192,0.015223834663629532,0.078125,2.1606792870443314e-05,16.032981872558594,313.497829418835,22.41476285646456,54.900360107421875
TinyLlama/TinyLlama-1.1B-Chat-v1.0,21,o_proj,model.layers.21.self_attn.o_proj.weight,2048,2048,4194304,-0.43359375,0.3984375,-2.592078089946881e-06,0.019088977947831154,0.43359375,22.714351244209173,0.0036393115296959877,4.82743501663208,1.82743501663208,0.051025390625,0.07421875,0.13671875,0.03457069396972656,0.002765655517578125,7.152557373046875e-05,0.0034141240175813437,9.727937140269205e-07,7.4791669845581055,0.0619419626891613,0.00024876106181181967,89.94815349578857,64,65536,0.006996508222073317,0.0619419626891613,4.285613158572232e-06,14.890480041503906,255.7182044095071,58.045617419817546,75.05767345428467
TinyLlama/TinyLlama-1.1B-Chat-v1.0,21,q_proj,model.layers.21.self_attn.q_proj.weight,2048,2048,4194304,-0.54296875,0.50390625,-4.349285518401302e-06,0.023812955245375633,0.54296875,22.801401355064574,0.0019344203174114227,5.822810173034668,2.822810173034668,0.06787109375,0.10205078125,0.177734375,0.04734992980957031,0.0032901763916015625,7.152557373046875e-05,0.0042753443121910095,1.523985929452465e-06,8.589386940002441,0.0775669664144516,0.00035954592749476433,89.95451927185059,64,65536,0.009002696722745895,0.0775669664144516,7.860634468670469e-06,15.871930122375488,235.92470281135823,45.74006448560598,74.0825891494751
TinyLlama/TinyLlama-1.1B-Chat-v1.0,21,up_proj,model.layers.21.mlp.up_proj.weight,5632,2048,11534336,-0.6796875,0.64453125,-4.69622455057106e-06,0.019459988921880722,0.6796875,34.92743509405406,-0.01777869649231434,7.853766918182373,4.853766918182373,0.05126953125,0.0693359375,0.1318359375,0.02040863037109375,0.0049591064453125,0.0006155534224076705,0.005351869855076075,2.386713276791852e-06,11.342031305486506,0.0970982164144516,0.0003517298318911344,98.57864379882812,64,180224,0.007205285597592592,0.0970982164144516,4.554066435957793e-06,14.946391365744851,147.36995654707172,77.23423380782542,83.63225243308327
TinyLlama/TinyLlama-1.1B-Chat-v1.0,21,v_proj,model.layers.21.self_attn.v_proj.weight,256,2048,524288,-0.1484375,0.1533203125,-3.12622360070236e-05,0.025860821828246117,0.1533203125,5.928671312855884,-0.0025448822416365147,3.2509145736694336,0.2509145736694336,0.06884765625,0.09033203125,0.1083984375,0.0011444091796875,0.0,0.0,0.0012072465615347028,1.2147528138939379e-07,2.0147323608398438,0.02190290205180645,3.983154965681024e-05,34.412193298339844,64,8192,0.009796700440347195,0.02190290205180645,8.18332682683831e-06,15.857696533203125,327.8983938232556,4.867403013426931,18.55449676513672
